date,season,player_id,player_name,team,opponent,batting_order,position,games,plate_appearances,at_bats,hits,doubles,triples,home_runs,runs,rbi,walks,strikeouts,stolen_bases,caught_stealing,total_bases,avg,obp,slg,ops,hits_per_game,total_bases_per_game,runs_per_game,rbi_per_game,walks_per_game,strikeouts_per_game,home_runs_per_game,stolen_bases_per_game,walk_rate,strikeout_rate,home_run_rate
2026-07-09,2026,671739,Michael Harris II,Atlanta Braves,Pittsburgh Pirates,1,CF,86,340,322,98,16,0,16,45,53,15,70,6,1,162,0.304,0.335,0.503,0.838,1.1395348837209303,1.8837209302325582,0.5232558139534884,0.6162790697674418,0.1744186046511628,0.813953488372093,0.18604651162790697,0.06976744186046512,0.04411764705882353,0.20588235294117646,0.047058823529411764
2026-07-09,2026,645277,Ozzie Albies,Atlanta Braves,Pittsburgh Pirates,2,2B,92,397,356,97,20,0,14,60,51,27,51,1,3,159,0.272,0.322,0.447,0.769,1.0543478260869565,1.7282608695652173,0.6521739130434783,0.5543478260869565,0.29347826086956524,0.5543478260869565,0.15217391304347827,0.010869565217391304,0.06801007556675064,0.12846347607052896,0.03526448362720403
2026-07-09,2026,621566,Matt Olson,Atlanta Braves,Pittsburgh Pirates,3,1B,92,403,359,97,24,0,25,64,58,40,94,2,0,196,0.27,0.342,0.546,0.888,1.0543478260869565,2.130434782608696,0.6956521739130435,0.6304347826086957,0.43478260869565216,1.0217391304347827,0.2717391304347826,0.021739130434782608,0.09925558312655088,0.23325062034739455,0.062034739454094295
2026-07-09,2026,686948,Drake Baldwin,Atlanta Braves,Pittsburgh Pirates,4,C,69,306,269,69,6,0,15,49,45,29,71,1,1,120,0.257,0.343,0.446,0.789,1.0,1.7391304347826086,0.7101449275362319,0.6521739130434783,0.42028985507246375,1.0289855072463767,0.21739130434782608,0.014492753623188406,0.09477124183006536,0.23202614379084968,0.049019607843137254
2026-07-09,2026,643289,Mauricio Dubón,Atlanta Braves,Pittsburgh Pirates,5,LF,88,359,330,90,19,2,9,41,50,25,51,2,2,140,0.273,0.328,0.424,0.752,1.0227272727272727,1.5909090909090908,0.4659090909090909,0.5681818181818182,0.2840909090909091,0.5795454545454546,0.10227272727272728,0.022727272727272728,0.06963788300835655,0.14206128133704735,0.025069637883008356
2026-07-09,2026,642086,Dominic Smith,Atlanta Braves,Pittsburgh Pirates,6,DH,76,227,205,55,6,1,6,31,35,15,32,0,0,81,0.268,0.314,0.395,0.709,0.7236842105263158,1.0657894736842106,0.40789473684210525,0.4605263157894737,0.19736842105263158,0.42105263157894735,0.07894736842105263,0.0,0.06607929515418502,0.14096916299559473,0.02643171806167401
2026-07-09,2026,663586,Austin Riley,Atlanta Braves,Pittsburgh Pirates,7,3B,92,373,334,69,13,1,9,37,41,30,111,5,1,111,0.207,0.284,0.332,0.616,0.75,1.2065217391304348,0.40217391304347827,0.44565217391304346,0.32608695652173914,1.2065217391304348,0.09782608695652174,0.05434782608695652,0.08042895442359249,0.2975871313672922,0.024128686327077747
2026-07-09,2026,573262,Mike Yastrzemski,Atlanta Braves,Pittsburgh Pirates,8,RF,84,259,227,52,10,1,6,33,28,27,60,1,0,82,0.229,0.32,0.361,0.681,0.6190476190476191,0.9761904761904762,0.39285714285714285,0.3333333333333333,0.32142857142857145,0.7142857142857143,0.07142857142857142,0.011904761904761904,0.10424710424710425,0.23166023166023167,0.023166023166023165
2026-07-09,2026,805347,Jim Jarvis,Atlanta Braves,Pittsburgh Pirates,9,SS,7,25,24,7,1,0,1,1,3,1,5,0,0,11,0.292,0.32,0.458,0.778,1.0,1.5714285714285714,0.14285714285714285,0.42857142857142855,0.14285714285714285,0.7142857142857143,0.14285714285714285,0.0,0.04,0.2,0.04
2026-07-09,2026,663968,Jake Mangum,Pittsburgh Pirates,Atlanta Braves,1,CF,73,244,222,69,10,0,2,32,18,13,42,18,5,85,0.311,0.361,0.383,0.744,0.9452054794520548,1.1643835616438356,0.4383561643835616,0.2465753424657534,0.1780821917808219,0.5753424657534246,0.0273972602739726,0.2465753424657534,0.05327868852459016,0.1721311475409836,0.00819672131147541
2026-07-09,2026,664040,Brandon Lowe,Pittsburgh Pirates,Atlanta Braves,2,2B,87,390,345,84,20,1,21,56,64,37,102,1,0,169,0.243,0.315,0.49,0.805,0.9655172413793104,1.9425287356321839,0.6436781609195402,0.735632183908046,0.42528735632183906,1.1724137931034482,0.2413793103448276,0.011494252873563218,0.09487179487179487,0.26153846153846155,0.05384615384615385
2026-07-09,2026,668804,Bryan Reynolds,Pittsburgh Pirates,Atlanta Braves,3,LF,94,410,342,96,21,2,14,65,57,61,91,7,0,163,0.281,0.395,0.477,0.872,1.0212765957446808,1.7340425531914894,0.6914893617021277,0.6063829787234043,0.648936170212766,0.9680851063829787,0.14893617021276595,0.07446808510638298,0.14878048780487804,0.22195121951219512,0.03414634146341464
2026-07-09,2026,699013,Esmerlyn Valdez,Pittsburgh Pirates,Atlanta Braves,4,RF,25,92,82,24,5,1,7,16,18,9,33,0,1,52,0.293,0.359,0.634,0.993,0.96,2.08,0.64,0.72,0.36,1.32,0.28,0.0,0.09782608695652174,0.358695652173913,0.07608695652173914
2026-07-09,2026,656811,Ryan O'Hearn,Pittsburgh Pirates,Atlanta Braves,5,DH,79,327,298,86,12,0,16,47,61,25,71,1,0,146,0.289,0.346,0.49,0.836,1.0886075949367089,1.8481012658227849,0.5949367088607594,0.7721518987341772,0.31645569620253167,0.8987341772151899,0.20253164556962025,0.012658227848101266,0.0764525993883792,0.21712538226299694,0.04892966360856269
2026-07-09,2026,693304,Nick Gonzales,Pittsburgh Pirates,Atlanta Braves,6,3B,88,360,326,101,13,1,4,50,41,27,64,4,2,128,0.31,0.372,0.393,0.765,1.1477272727272727,1.4545454545454546,0.5681818181818182,0.4659090909090909,0.3068181818181818,0.7272727272727273,0.045454545454545456,0.045454545454545456,0.075,0.17777777777777778,0.011111111111111112
2026-07-09,2026,682997,Tyler Callihan,Pittsburgh Pirates,Atlanta Braves,7,1B,30,84,73,19,3,2,3,12,15,9,27,1,0,35,0.26,0.345,0.479,0.824,0.6333333333333333,1.1666666666666667,0.4,0.5,0.3,0.9,0.1,0.03333333333333333,0.10714285714285714,0.32142857142857145,0.03571428571428571
2026-07-09,2026,804668,Rafael Flores Jr.,Pittsburgh Pirates,Atlanta Braves,8,C,3,9,7,3,1,0,1,2,2,2,1,0,0,7,0.429,0.556,1.0,1.556,1.0,2.3333333333333335,0.6666666666666666,0.6666666666666666,0.6666666666666666,0.3333333333333333,0.3333333333333333,0.0,0.2222222222222222,0.1111111111111111,0.1111111111111111
2026-07-09,2026,669707,Jared Triolo,Pittsburgh Pirates,Atlanta Braves,9,SS,60,203,181,42,10,0,1,20,14,16,47,6,1,55,0.232,0.305,0.304,0.609,0.7,0.9166666666666666,0.3333333333333333,0.23333333333333334,0.26666666666666666,0.7833333333333333,0.016666666666666666,0.1,0.07881773399014778,0.2315270935960591,0.0049261083743842365
2026-07-09,2026,657041,Lane Thomas,Kansas City Royals,New York Mets,1,CF,79,257,219,51,14,0,7,26,30,34,57,4,3,86,0.233,0.339,0.393,0.732,0.6455696202531646,1.0886075949367089,0.3291139240506329,0.379746835443038,0.43037974683544306,0.7215189873417721,0.08860759493670886,0.05063291139240506,0.13229571984435798,0.22178988326848248,0.027237354085603113
2026-07-09,2026,677951,Bobby Witt Jr.,Kansas City Royals,New York Mets,2,SS,88,390,347,100,20,1,13,50,39,39,65,30,5,161,0.288,0.359,0.464,0.823,1.1363636363636365,1.8295454545454546,0.5681818181818182,0.4431818181818182,0.4431818181818182,0.7386363636363636,0.14772727272727273,0.3409090909090909,0.1,0.16666666666666666,0.03333333333333333
2026-07-09,2026,521692,Salvador Perez,Kansas City Royals,New York Mets,3,1B,86,363,339,71,13,0,11,31,36,13,72,0,0,117,0.209,0.251,0.345,0.596,0.8255813953488372,1.3604651162790697,0.36046511627906974,0.4186046511627907,0.1511627906976744,0.8372093023255814,0.12790697674418605,0.0,0.03581267217630854,0.19834710743801653,0.030303030303030304
2026-07-09,2026,668942,Josh Rojas,Kansas City Royals,New York Mets,4,PH,13,27,26,4,1,0,1,3,4,1,6,0,0,8,0.154,0.185,0.308,0.493,0.3076923076923077,0.6153846153846154,0.23076923076923078,0.3076923076923077,0.07692307692307693,0.46153846153846156,0.07692307692307693,0.0,0.037037037037037035,0.2222222222222222,0.037037037037037035
2026-07-09,2026,679845,Nick Loftin,Kansas City Royals,New York Mets,5,3B,57,199,169,43,15,1,4,26,29,21,26,1,0,72,0.254,0.348,0.426,0.774,0.7543859649122807,1.263157894736842,0.45614035087719296,0.5087719298245614,0.3684210526315789,0.45614035087719296,0.07017543859649122,0.017543859649122806,0.10552763819095477,0.1306532663316583,0.020100502512562814
2026-07-09,2026,695506,Jac Caglianone,Kansas City Royals,New York Mets,6,RF,87,337,307,79,15,2,14,42,34,25,101,3,1,140,0.257,0.32,0.456,0.776,0.9080459770114943,1.6091954022988506,0.4827586206896552,0.39080459770114945,0.28735632183908044,1.160919540229885,0.16091954022988506,0.034482758620689655,0.07418397626112759,0.2997032640949555,0.04154302670623145
2026-07-09,2026,686555,Isaac Collins,Kansas City Royals,New York Mets,7,LF,83,305,257,61,16,0,4,34,26,38,69,5,4,89,0.237,0.347,0.346,0.693,0.7349397590361446,1.072289156626506,0.40963855421686746,0.3132530120481928,0.4578313253012048,0.8313253012048193,0.04819277108433735,0.060240963855421686,0.12459016393442623,0.2262295081967213,0.013114754098360656
2026-07-09,2026,686475,Tyler Tolbert,Kansas City Royals,New York Mets,8,2B,34,60,54,20,1,0,2,17,5,4,11,10,3,27,0.37,0.407,0.5,0.907,0.5882352941176471,0.7941176470588235,0.5,0.14705882352941177,0.11764705882352941,0.3235294117647059,0.058823529411764705,0.29411764705882354,0.06666666666666667,0.18333333333333332,0.03333333333333333
2026-07-09,2026,695600,Carter Jensen,Kansas City Royals,New York Mets,9,C,86,333,297,73,18,0,13,41,49,30,94,1,0,130,0.246,0.312,0.438,0.75,0.8488372093023255,1.5116279069767442,0.47674418604651164,0.5697674418604651,0.3488372093023256,1.0930232558139534,0.1511627906976744,0.011627906976744186,0.09009009009009009,0.2822822822822823,0.03903903903903904
2026-07-09,2026,805999,A.J. Ewing,New York Mets,Kansas City Royals,1,CF,54,210,184,51,8,1,7,26,24,22,53,9,6,82,0.277,0.356,0.446,0.802,0.9444444444444444,1.5185185185185186,0.48148148148148145,0.4444444444444444,0.4074074074074074,0.9814814814814815,0.12962962962962962,0.16666666666666666,0.10476190476190476,0.2523809523809524,0.03333333333333333
2026-07-09,2026,665742,Juan Soto,New York Mets,Kansas City Royals,2,LF,75,322,266,79,8,2,21,44,50,54,41,7,3,154,0.297,0.414,0.579,0.993,1.0533333333333332,2.0533333333333332,0.5866666666666667,0.6666666666666666,0.72,0.5466666666666666,0.28,0.09333333333333334,0.16770186335403728,0.12732919254658384,0.06521739130434782
2026-07-09,2026,666182,Bo Bichette,New York Mets,Kansas City Royals,3,3B,94,411,379,97,14,1,10,48,51,24,73,1,0,143,0.256,0.299,0.377,0.676,1.0319148936170213,1.5212765957446808,0.5106382978723404,0.5425531914893617,0.2553191489361702,0.776595744680851,0.10638297872340426,0.010638297872340425,0.058394160583941604,0.17761557177615572,0.024330900243309004
2026-07-09,2026,701807,Carson Benge,New York Mets,Kansas City Royals,4,RF,91,374,342,92,12,2,11,52,37,28,78,13,2,141,0.269,0.332,0.412,0.744,1.010989010989011,1.5494505494505495,0.5714285714285714,0.4065934065934066,0.3076923076923077,0.8571428571428571,0.12087912087912088,0.14285714285714285,0.0748663101604278,0.20855614973262032,0.029411764705882353
2026-07-09,2026,682626,Francisco Alvarez,New York Mets,Kansas City Royals,5,DH,62,224,202,51,7,0,9,19,22,16,59,0,0,85,0.252,0.315,0.421,0.736,0.8225806451612904,1.3709677419354838,0.3064516129032258,0.3548387096774194,0.25806451612903225,0.9516129032258065,0.14516129032258066,0.0,0.07142857142857142,0.26339285714285715,0.04017857142857143
2026-07-09,2026,676724,Jared Young,New York Mets,Kansas City Royals,6,1B,49,152,136,32,6,0,6,16,18,11,31,0,0,56,0.235,0.309,0.412,0.721,0.6530612244897959,1.1428571428571428,0.32653061224489793,0.3673469387755102,0.22448979591836735,0.6326530612244898,0.12244897959183673,0.0,0.07236842105263158,0.20394736842105263,0.039473684210526314
2026-07-09,2026,596019,Francisco Lindor,New York Mets,Kansas City Royals,7,SS,37,159,142,30,2,3,4,21,10,15,27,2,1,50,0.211,0.296,0.352,0.648,0.8108108108108109,1.3513513513513513,0.5675675675675675,0.2702702702702703,0.40540540540540543,0.7297297297297297,0.10810810810810811,0.05405405405405406,0.09433962264150944,0.16981132075471697,0.025157232704402517
2026-07-09,2026,683146,Brett Baty,New York Mets,Kansas City Royals,8,2B,90,316,279,61,13,1,3,33,30,29,86,4,1,85,0.219,0.295,0.305,0.6,0.6777777777777778,0.9444444444444444,0.36666666666666664,0.3333333333333333,0.32222222222222224,0.9555555555555556,0.03333333333333333,0.044444444444444446,0.09177215189873418,0.2721518987341772,0.00949367088607595
2026-07-09,2026,620443,Luis Torrens,New York Mets,Kansas City Royals,9,C,59,175,159,34,10,0,2,20,18,10,36,0,0,50,0.214,0.277,0.314,0.591,0.576271186440678,0.847457627118644,0.3389830508474576,0.3050847457627119,0.1694915254237288,0.6101694915254238,0.03389830508474576,0.0,0.05714285714285714,0.2057142857142857,0.011428571428571429
2026-07-09,2026,663757,Trent Grisham,New York Yankees,Tampa Bay Rays,1,CF,73,290,248,58,14,2,9,47,38,39,49,7,1,103,0.234,0.334,0.415,0.749,0.7945205479452054,1.4109589041095891,0.6438356164383562,0.5205479452054794,0.5342465753424658,0.6712328767123288,0.1232876712328767,0.0958904109589041,0.13448275862068965,0.16896551724137931,0.03103448275862069
2026-07-09,2026,700250,Ben Rice,New York Yankees,Tampa Bay Rays,2,DH,88,377,327,90,15,2,28,63,65,45,88,2,0,193,0.275,0.366,0.59,0.956,1.0227272727272727,2.1931818181818183,0.7159090909090909,0.7386363636363636,0.5113636363636364,1.0,0.3181818181818182,0.022727272727272728,0.11936339522546419,0.23342175066312998,0.07427055702917772
2026-07-09,2026,691176,Jasson Domínguez,New York Yankees,Tampa Bay Rays,3,RF,33,128,120,28,8,0,4,11,10,6,27,6,0,48,0.233,0.276,0.4,0.676,0.8484848484848485,1.4545454545454546,0.3333333333333333,0.30303030303030304,0.18181818181818182,0.8181818181818182,0.12121212121212122,0.18181818181818182,0.046875,0.2109375,0.03125
2026-07-09,2026,641355,Cody Bellinger,New York Yankees,Tampa Bay Rays,4,1B,91,391,336,83,17,3,11,47,51,50,60,10,4,139,0.247,0.34,0.414,0.754,0.9120879120879121,1.5274725274725274,0.5164835164835165,0.5604395604395604,0.5494505494505495,0.6593406593406593,0.12087912087912088,0.10989010989010989,0.1278772378516624,0.1534526854219949,0.028132992327365727
2026-07-09,2026,676609,José Caballero,New York Yankees,Tampa Bay Rays,5,SS,80,289,264,65,10,0,10,35,34,16,67,21,8,105,0.246,0.3,0.398,0.698,0.8125,1.3125,0.4375,0.425,0.2,0.8375,0.125,0.2625,0.05536332179930796,0.23183391003460208,0.03460207612456748
2026-07-09,2026,665862,Jazz Chisholm Jr.,New York Yankees,Tampa Bay Rays,6,2B,88,348,307,68,11,2,12,45,34,37,101,26,5,119,0.221,0.305,0.388,0.693,0.7727272727272727,1.3522727272727273,0.5113636363636364,0.38636363636363635,0.42045454545454547,1.1477272727272727,0.13636363636363635,0.29545454545454547,0.10632183908045977,0.29022988505747127,0.034482758620689655
2026-07-09,2026,680474,Max Schuemann,New York Yankees,Tampa Bay Rays,7,LF,31,64,50,12,5,0,2,16,6,11,16,3,2,23,0.24,0.406,0.46,0.866,0.3870967741935484,0.7419354838709677,0.5161290322580645,0.1935483870967742,0.3548387096774194,0.5161290322580645,0.06451612903225806,0.0967741935483871,0.171875,0.25,0.03125
2026-07-09,2026,641857,Ryan McMahon,New York Yankees,Tampa Bay Rays,8,3B,74,218,200,43,7,0,8,22,25,17,69,3,1,74,0.215,0.276,0.37,0.646,0.581081081081081,1.0,0.2972972972972973,0.33783783783783783,0.22972972972972974,0.9324324324324325,0.10810810810810811,0.04054054054054054,0.0779816513761468,0.3165137614678899,0.03669724770642202
2026-07-09,2026,669224,Austin Wells,New York Yankees,Tampa Bay Rays,9,C,63,212,186,28,2,0,5,18,11,24,59,1,0,45,0.151,0.246,0.242,0.488,0.4444444444444444,0.7142857142857143,0.2857142857142857,0.1746031746031746,0.38095238095238093,0.9365079365079365,0.07936507936507936,0.015873015873015872,0.11320754716981132,0.2783018867924528,0.02358490566037736
2026-07-09,2026,680700,Richie Palacios,Tampa Bay Rays,New York Yankees,1,2B,67,216,188,46,7,2,2,27,26,24,39,8,5,63,0.245,0.338,0.335,0.673,0.6865671641791045,0.9402985074626866,0.40298507462686567,0.3880597014925373,0.3582089552238806,0.582089552238806,0.029850746268656716,0.11940298507462686,0.1111111111111111,0.18055555555555555,0.009259259259259259
2026-07-09,2026,666018,Jonathan Aranda,Tampa Bay Rays,New York Yankees,2,1B,90,393,328,94,14,0,13,45,61,51,87,0,0,147,0.287,0.387,0.448,0.835,1.0444444444444445,1.6333333333333333,0.5,0.6777777777777778,0.5666666666666667,0.9666666666666667,0.14444444444444443,0.0,0.1297709923664122,0.22137404580152673,0.03307888040712468
2026-07-09,2026,691406,Junior Caminero,Tampa Bay Rays,New York Yankees,3,3B,91,398,346,96,12,0,27,58,57,49,73,1,2,189,0.277,0.367,0.546,0.913,1.054945054945055,2.076923076923077,0.6373626373626373,0.6263736263736264,0.5384615384615384,0.8021978021978022,0.2967032967032967,0.01098901098901099,0.12311557788944724,0.18341708542713567,0.0678391959798995
2026-07-09,2026,676356,Jonny DeLuca,Tampa Bay Rays,New York Yankees,4,CF,56,172,161,42,13,0,5,22,25,9,35,9,3,70,0.261,0.3,0.435,0.735,0.75,1.25,0.39285714285714285,0.44642857142857145,0.16071428571428573,0.625,0.08928571428571429,0.16071428571428573,0.05232558139534884,0.20348837209302326,0.029069767441860465
2026-07-09,2026,668723,Ryan Vilade,Tampa Bay Rays,New York Yankees,5,RF,51,155,137,35,6,1,6,14,28,13,32,3,0,61,0.255,0.318,0.445,0.763,0.6862745098039216,1.196078431372549,0.27450980392156865,0.5490196078431373,0.2549019607843137,0.6274509803921569,0.11764705882352941,0.058823529411764705,0.08387096774193549,0.2064516129032258,0.03870967741935484
2026-07-09,2026,802415,Chandler Simpson,Tampa Bay Rays,New York Yankees,6,LF,86,343,318,88,8,6,0,37,16,18,33,22,11,108,0.277,0.314,0.34,0.654,1.0232558139534884,1.255813953488372,0.43023255813953487,0.18604651162790697,0.20930232558139536,0.38372093023255816,0.0,0.2558139534883721,0.052478134110787174,0.09620991253644315,0.0
2026-07-09,2026,810938,Ben Williamson,Tampa Bay Rays,New York Yankees,7,P,67,215,194,46,8,1,2,25,22,19,42,7,1,62,0.237,0.308,0.32,0.628,0.6865671641791045,0.9253731343283582,0.373134328358209,0.3283582089552239,0.2835820895522388,0.6268656716417911,0.029850746268656716,0.1044776119402985,0.08837209302325581,0.19534883720930232,0.009302325581395349
2026-07-09,2026,670764,Taylor Walls,Tampa Bay Rays,New York Yankees,8,SS,73,259,218,48,11,2,0,36,20,31,65,13,3,63,0.22,0.32,0.289,0.609,0.6575342465753424,0.863013698630137,0.4931506849315068,0.273972602739726,0.4246575342465753,0.8904109589041096,0.0,0.1780821917808219,0.11969111969111969,0.25096525096525096,0.0
2026-07-09,2026,663743,Nick Fortes,Tampa Bay Rays,New York Yankees,9,C,70,218,202,52,11,0,2,23,19,6,26,0,0,69,0.257,0.301,0.342,0.643,0.7428571428571429,0.9857142857142858,0.32857142857142857,0.2714285714285714,0.08571428571428572,0.37142857142857144,0.02857142857142857,0.0,0.027522935779816515,0.11926605504587157,0.009174311926605505
2026-07-09,2026,691718,Pete Crow-Armstrong,Chicago Cubs,Baltimore Orioles,1,CF,93,404,348,103,15,4,21,61,52,43,103,23,6,189,0.296,0.387,0.543,0.93,1.10752688172043,2.032258064516129,0.6559139784946236,0.5591397849462365,0.46236559139784944,1.10752688172043,0.22580645161290322,0.24731182795698925,0.10643564356435643,0.25495049504950495,0.05198019801980198
2026-07-09,2026,608324,Alex Bregman,Chicago Cubs,Baltimore Orioles,2,3B,91,417,357,85,14,1,7,42,35,48,63,2,1,122,0.238,0.336,0.342,0.678,0.9340659340659341,1.3406593406593406,0.46153846153846156,0.38461538461538464,0.5274725274725275,0.6923076923076923,0.07692307692307693,0.02197802197802198,0.11510791366906475,0.1510791366906475,0.016786570743405275
2026-07-09,2026,681909,Justin Dean,Chicago Cubs,Baltimore Orioles,3,RF,10,6,5,2,0,1,0,3,3,1,2,0,0,4,0.4,0.5,0.8,1.3,0.2,0.4,0.3,0.3,0.1,0.2,0.0,0.0,0.16666666666666666,0.3333333333333333,0.0
2026-07-09,2026,608348,Carson Kelly,Chicago Cubs,Baltimore Orioles,4,DH,67,239,209,58,10,0,5,33,31,27,40,0,1,83,0.278,0.368,0.397,0.765,0.8656716417910447,1.2388059701492538,0.4925373134328358,0.4626865671641791,0.40298507462686567,0.5970149253731343,0.07462686567164178,0.0,0.11297071129707113,0.16736401673640167,0.02092050209205021
2026-07-09,2026,683737,Michael Busch,Chicago Cubs,Baltimore Orioles,5,1B,92,412,335,78,14,2,11,38,48,63,91,2,0,129,0.233,0.367,0.385,0.752,0.8478260869565217,1.4021739130434783,0.41304347826086957,0.5217391304347826,0.6847826086956522,0.9891304347826086,0.11956521739130435,0.021739130434782608,0.1529126213592233,0.220873786407767,0.02669902912621359
2026-07-09,2026,663538,Nico Hoerner,Chicago Cubs,Baltimore Orioles,6,2B,91,409,363,87,23,0,4,37,38,36,32,14,3,122,0.24,0.313,0.336,0.649,0.9560439560439561,1.3406593406593406,0.4065934065934066,0.4175824175824176,0.3956043956043956,0.3516483516483517,0.04395604395604396,0.15384615384615385,0.08801955990220049,0.07823960880195599,0.009779951100244499
2026-07-09,2026,664023,Ian Happ,Chicago Cubs,Baltimore Orioles,7,LF,89,385,332,73,16,2,17,59,41,47,121,4,1,144,0.22,0.325,0.434,0.759,0.8202247191011236,1.6179775280898876,0.6629213483146067,0.4606741573033708,0.5280898876404494,1.3595505617977528,0.19101123595505617,0.0449438202247191,0.12207792207792208,0.3142857142857143,0.04415584415584416
2026-07-09,2026,621020,Dansby Swanson,Chicago Cubs,Baltimore Orioles,8,SS,89,345,302,64,10,2,16,58,58,37,80,12,0,126,0.212,0.297,0.417,0.714,0.7191011235955056,1.4157303370786516,0.651685393258427,0.651685393258427,0.4157303370786517,0.898876404494382,0.1797752808988764,0.1348314606741573,0.1072463768115942,0.2318840579710145,0.0463768115942029
2026-07-09,2026,624424,Michael Conforto,Chicago Cubs,Baltimore Orioles,9,PH,61,157,137,34,10,0,8,20,22,19,44,1,0,68,0.248,0.338,0.496,0.834,0.5573770491803278,1.1147540983606556,0.32786885245901637,0.36065573770491804,0.3114754098360656,0.7213114754098361,0.13114754098360656,0.01639344262295082,0.12101910828025478,0.2802547770700637,0.050955414012738856
2026-07-09,2026,668939,Adley Rutschman,Baltimore Orioles,Chicago Cubs,1,DH,63,267,234,60,18,1,8,29,47,27,39,0,1,104,0.256,0.33,0.444,0.774,0.9523809523809523,1.6507936507936507,0.4603174603174603,0.746031746031746,0.42857142857142855,0.6190476190476191,0.12698412698412698,0.0,0.10112359550561797,0.14606741573033707,0.0299625468164794
2026-07-09,2026,621493,Taylor Ward,Baltimore Orioles,Chicago Cubs,2,LF,93,426,349,89,19,0,5,55,24,71,90,3,2,123,0.255,0.383,0.352,0.735,0.956989247311828,1.3225806451612903,0.5913978494623656,0.25806451612903225,0.7634408602150538,0.967741935483871,0.053763440860215055,0.03225806451612903,0.16666666666666666,0.2112676056338028,0.011737089201877934
2026-07-09,2026,683002,Gunnar Henderson,Baltimore Orioles,Chicago Cubs,3,SS,93,426,384,84,16,2,16,53,40,34,95,7,4,152,0.219,0.291,0.396,0.687,0.9032258064516129,1.6344086021505377,0.5698924731182796,0.43010752688172044,0.3655913978494624,1.021505376344086,0.17204301075268819,0.07526881720430108,0.07981220657276995,0.22300469483568075,0.03755868544600939
2026-07-09,2026,624413,Pete Alonso,Baltimore Orioles,Chicago Cubs,4,1B,94,406,349,87,16,0,20,56,62,49,98,2,0,163,0.249,0.345,0.467,0.812,0.925531914893617,1.7340425531914894,0.5957446808510638,0.6595744680851063,0.5212765957446809,1.0425531914893618,0.2127659574468085,0.02127659574468085,0.1206896551724138,0.2413793103448276,0.04926108374384237
2026-07-09,2026,681297,Colton Cowser,Baltimore Orioles,Chicago Cubs,5,CF,82,225,195,43,3,0,8,28,27,26,67,4,2,70,0.221,0.313,0.359,0.672,0.524390243902439,0.8536585365853658,0.34146341463414637,0.32926829268292684,0.3170731707317073,0.8170731707317073,0.0975609756097561,0.04878048780487805,0.11555555555555555,0.29777777777777775,0.035555555555555556
2026-07-09,2026,702616,Jackson Holliday,Baltimore Orioles,Chicago Cubs,6,2B,42,134,113,24,3,1,5,17,14,19,35,4,0,44,0.212,0.321,0.389,0.71,0.5714285714285714,1.0476190476190477,0.40476190476190477,0.3333333333333333,0.4523809523809524,0.8333333333333334,0.11904761904761904,0.09523809523809523,0.1417910447761194,0.26119402985074625,0.03731343283582089
2026-07-09,2026,694212,Samuel Basallo,Baltimore Orioles,Chicago Cubs,7,C,80,289,262,65,9,1,14,32,42,25,75,0,0,118,0.248,0.311,0.45,0.761,0.8125,1.475,0.4,0.525,0.3125,0.9375,0.175,0.0,0.08650519031141868,0.25951557093425603,0.04844290657439446
2026-07-09,2026,677942,Blaze Alexander,Baltimore Orioles,Chicago Cubs,8,3B,80,238,215,65,12,2,3,27,28,15,53,9,3,90,0.302,0.355,0.419,0.774,0.8125,1.125,0.3375,0.35,0.1875,0.6625,0.0375,0.1125,0.06302521008403361,0.22268907563025211,0.012605042016806723
2026-07-09,2026,665750,Leody Taveras,Baltimore Orioles,Chicago Cubs,9,RF,80,283,246,58,10,5,3,33,31,28,70,10,3,87,0.236,0.315,0.354,0.669,0.725,1.0875,0.4125,0.3875,0.35,0.875,0.0375,0.125,0.0989399293286219,0.24734982332155478,0.01060070671378092
2026-07-09,2026,683953,Travis Bazzana,Cleveland Guardians,Minnesota Twins,1,2B,62,268,233,57,14,1,7,28,27,31,56,12,3,94,0.245,0.336,0.403,0.739,0.9193548387096774,1.5161290322580645,0.45161290322580644,0.43548387096774194,0.5,0.9032258064516129,0.11290322580645161,0.1935483870967742,0.11567164179104478,0.208955223880597,0.026119402985074626
2026-07-09,2026,677587,Brayan Rocchio,Cleveland Guardians,Minnesota Twins,2,SS,91,345,305,83,14,2,7,37,42,27,49,15,5,122,0.272,0.342,0.4,0.742,0.9120879120879121,1.3406593406593406,0.4065934065934066,0.46153846153846156,0.2967032967032967,0.5384615384615384,0.07692307692307693,0.16483516483516483,0.0782608695652174,0.14202898550724638,0.020289855072463767
2026-07-09,2026,800050,Chase DeLauter,Cleveland Guardians,Minnesota Twins,3,DH,77,319,287,80,16,1,9,31,43,30,43,3,2,125,0.279,0.345,0.436,0.781,1.0389610389610389,1.6233766233766234,0.4025974025974026,0.5584415584415584,0.38961038961038963,0.5584415584415584,0.11688311688311688,0.03896103896103896,0.09404388714733543,0.13479623824451412,0.02821316614420063
2026-07-09,2026,700932,Kyle Manzardo,Cleveland Guardians,Minnesota Twins,4,1B,84,297,259,56,7,1,10,31,29,32,95,0,0,95,0.216,0.31,0.367,0.677,0.6666666666666666,1.130952380952381,0.36904761904761907,0.34523809523809523,0.38095238095238093,1.130952380952381,0.11904761904761904,0.0,0.10774410774410774,0.31986531986531985,0.03367003367003367
2026-07-09,2026,690984,Petey Halpin,Cleveland Guardians,Minnesota Twins,5,RF,29,57,54,9,1,1,0,8,1,1,16,2,0,12,0.167,0.182,0.222,0.404,0.3103448275862069,0.41379310344827586,0.27586206896551724,0.034482758620689655,0.034482758620689655,0.5517241379310345,0.0,0.06896551724137931,0.017543859649122806,0.2807017543859649,0.0
2026-07-09,2026,672356,Gabriel Arias,Cleveland Guardians,Minnesota Twins,6,3B,29,89,84,18,2,0,5,9,10,5,37,1,0,35,0.214,0.258,0.417,0.675,0.6206896551724138,1.206896551724138,0.3103448275862069,0.3448275862068966,0.1724137931034483,1.2758620689655173,0.1724137931034483,0.034482758620689655,0.056179775280898875,0.4157303370786517,0.056179775280898875
2026-07-09,2026,682177,Daniel Schneemann,Cleveland Guardians,Minnesota Twins,7,CF,78,258,236,50,11,0,6,27,28,22,74,5,2,79,0.212,0.279,0.335,0.614,0.6410256410256411,1.0128205128205128,0.34615384615384615,0.358974358974359,0.28205128205128205,0.9487179487179487,0.07692307692307693,0.0641025641025641,0.08527131782945736,0.2868217054263566,0.023255813953488372
2026-07-09,2026,672275,Patrick Bailey,Cleveland Guardians,Minnesota Twins,8,C,62,186,171,31,4,1,3,16,13,13,48,2,0,46,0.181,0.238,0.269,0.507,0.5,0.7419354838709677,0.25806451612903225,0.20967741935483872,0.20967741935483872,0.7741935483870968,0.04838709677419355,0.03225806451612903,0.06989247311827956,0.25806451612903225,0.016129032258064516
2026-07-09,2026,680757,Steven Kwan,Cleveland Guardians,Minnesota Twins,9,LF,86,343,287,63,9,2,1,37,14,46,35,4,1,79,0.22,0.331,0.275,0.606,0.7325581395348837,0.9186046511627907,0.43023255813953487,0.16279069767441862,0.5348837209302325,0.4069767441860465,0.011627906976744186,0.046511627906976744,0.13411078717201166,0.10204081632653061,0.0029154518950437317
2026-07-09,2026,663616,Trevor Larnach,Minnesota Twins,Cleveland Guardians,1,LF,77,279,242,68,16,1,6,41,30,33,50,2,2,104,0.281,0.374,0.43,0.804,0.8831168831168831,1.3506493506493507,0.5324675324675324,0.38961038961038963,0.42857142857142855,0.6493506493506493,0.07792207792207792,0.025974025974025976,0.11827956989247312,0.17921146953405018,0.021505376344086023
2026-07-09,2026,686797,Brooks Lee,Minnesota Twins,Cleveland Guardians,2,3B,90,362,333,83,13,2,14,44,50,25,59,5,3,142,0.249,0.305,0.426,0.731,0.9222222222222223,1.5777777777777777,0.4888888888888889,0.5555555555555556,0.2777777777777778,0.6555555555555556,0.15555555555555556,0.05555555555555555,0.06906077348066299,0.16298342541436464,0.03867403314917127
2026-07-09,2026,665019,Kody Clemens,Minnesota Twins,Cleveland Guardians,3,2B,80,319,290,73,18,3,16,44,45,21,71,6,2,145,0.252,0.312,0.5,0.812,0.9125,1.8125,0.55,0.5625,0.2625,0.8875,0.2,0.075,0.06583072100313479,0.2225705329153605,0.050156739811912224
2026-07-09,2026,605137,Josh Bell,Minnesota Twins,Cleveland Guardians,4,DH,91,363,332,82,18,1,13,47,60,27,80,1,0,141,0.247,0.306,0.425,0.731,0.9010989010989011,1.5494505494505495,0.5164835164835165,0.6593406593406593,0.2967032967032967,0.8791208791208791,0.14285714285714285,0.01098901098901099,0.0743801652892562,0.22038567493112948,0.03581267217630854
2026-07-09,2026,668904,Royce Lewis,Minnesota Twins,Cleveland Guardians,5,1B,60,245,218,47,10,0,9,27,27,23,67,6,0,84,0.216,0.294,0.385,0.679,0.7833333333333333,1.4,0.45,0.45,0.38333333333333336,1.1166666666666667,0.15,0.1,0.09387755102040816,0.27346938775510204,0.036734693877551024
2026-07-09,2026,702176,Alan Roden,Minnesota Twins,Cleveland Guardians,6,RF,2,8,7,2,0,0,0,0,2,1,2,0,0,2,0.286,0.375,0.286,0.661,1.0,1.0,0.0,1.0,0.5,1.0,0.0,0.0,0.125,0.25,0.0
2026-07-09,2026,807712,Luke Keaschall,Minnesota Twins,Cleveland Guardians,7,CF,88,345,298,76,14,1,4,47,27,34,52,12,3,104,0.255,0.345,0.349,0.694,0.8636363636363636,1.1818181818181819,0.5340909090909091,0.3068181818181818,0.38636363636363635,0.5909090909090909,0.045454545454545456,0.13636363636363635,0.09855072463768116,0.15072463768115943,0.011594202898550725
2026-07-09,2026,656484,Tristan Gray,Minnesota Twins,Cleveland Guardians,8,SS,59,176,162,37,5,0,4,15,29,9,56,2,0,54,0.228,0.269,0.333,0.602,0.6271186440677966,0.9152542372881356,0.2542372881355932,0.4915254237288136,0.15254237288135594,0.9491525423728814,0.06779661016949153,0.03389830508474576,0.05113636363636364,0.3181818181818182,0.022727272727272728
2026-07-09,2026,656577,Alex Jackson,Minnesota Twins,Cleveland Guardians,9,C,21,56,54,16,3,0,1,6,4,0,16,0,0,22,0.296,0.321,0.407,0.728,0.7619047619047619,1.0476190476190477,0.2857142857142857,0.19047619047619047,0.0,0.7619047619047619,0.047619047619047616,0.0,0.0,0.2857142857142857,0.017857142857142856
2026-07-09,2026,678011,Anthony Seigler,Boston Red Sox,Chicago White Sox,1,2B,19,70,60,17,6,0,1,11,3,8,13,2,0,26,0.283,0.377,0.433,0.81,0.8947368421052632,1.368421052631579,0.5789473684210527,0.15789473684210525,0.42105263157894735,0.6842105263157895,0.05263157894736842,0.10526315789473684,0.11428571428571428,0.18571428571428572,0.014285714285714285
2026-07-09,2026,678882,Ceddanne Rafaela,Boston Red Sox,Chicago White Sox,2,CF,87,353,329,93,21,3,8,39,39,17,69,12,6,144,0.283,0.33,0.438,0.768,1.0689655172413792,1.6551724137931034,0.4482758620689655,0.4482758620689655,0.19540229885057472,0.7931034482758621,0.09195402298850575,0.13793103448275862,0.04815864022662889,0.1954674220963173,0.0226628895184136
2026-07-09,2026,677800,Wilyer Abreu,Boston Red Sox,Chicago White Sox,3,RF,89,387,342,89,19,3,10,43,41,37,80,6,3,144,0.26,0.33,0.421,0.751,1.0,1.6179775280898876,0.48314606741573035,0.4606741573033708,0.4157303370786517,0.898876404494382,0.11235955056179775,0.06741573033707865,0.09560723514211886,0.20671834625322996,0.025839793281653745
2026-07-09,2026,663853,Romy Gonzalez,Boston Red Sox,Chicago White Sox,4,DH,8,32,29,9,1,1,1,4,5,2,9,0,0,15,0.31,0.375,0.517,0.892,1.125,1.875,0.5,0.625,0.25,1.125,0.125,0.0,0.0625,0.28125,0.03125
2026-07-09,2026,702332,Caleb Durbin,Boston Red Sox,Chicago White Sox,5,3B,84,304,275,62,18,1,9,36,39,20,42,10,3,109,0.225,0.288,0.396,0.684,0.7380952380952381,1.2976190476190477,0.42857142857142855,0.4642857142857143,0.23809523809523808,0.5,0.10714285714285714,0.11904761904761904,0.06578947368421052,0.13815789473684212,0.029605263157894735
2026-07-09,2026,655316,Andruw Monasterio,Boston Red Sox,Chicago White Sox,6,SS,56,161,152,33,11,0,4,17,13,9,38,2,3,56,0.217,0.261,0.368,0.629,0.5892857142857143,1.0,0.30357142857142855,0.23214285714285715,0.16071428571428573,0.6785714285714286,0.07142857142857142,0.03571428571428571,0.055900621118012424,0.2360248447204969,0.024844720496894408
2026-07-09,2026,680776,Jarren Duran,Boston Red Sox,Chicago White Sox,7,LF,84,363,328,65,10,2,13,41,44,26,110,14,1,118,0.198,0.262,0.36,0.622,0.7738095238095238,1.4047619047619047,0.4880952380952381,0.5238095238095238,0.30952380952380953,1.3095238095238095,0.15476190476190477,0.16666666666666666,0.07162534435261708,0.30303030303030304,0.03581267217630854
2026-07-09,2026,695391,Brett Harris,Boston Red Sox,Chicago White Sox,8,1B,6,9,6,0,0,0,0,0,0,1,2,0,0,0,0.0,0.333,0.0,0.333,0.0,0.0,0.0,0.0,0.16666666666666666,0.3333333333333333,0.0,0.0,0.1111111111111111,0.2222222222222222,0.0
2026-07-09,2026,657136,Connor Wong,Boston Red Sox,Chicago White Sox,9,C,39,125,105,31,8,0,1,14,15,13,27,2,1,42,0.295,0.385,0.4,0.785,0.7948717948717948,1.0769230769230769,0.358974358974359,0.38461538461538464,0.3333333333333333,0.6923076923076923,0.02564102564102564,0.05128205128205128,0.104,0.216,0.008
2026-07-09,2026,805367,Chase Meidroth,Chicago White Sox,Boston Red Sox,1,2B,90,380,335,89,15,0,7,52,29,36,90,2,2,125,0.266,0.339,0.373,0.712,0.9888888888888889,1.3888888888888888,0.5777777777777777,0.32222222222222224,0.4,1.0,0.07777777777777778,0.022222222222222223,0.09473684210526316,0.23684210526315788,0.018421052631578946
2026-07-09,2026,643217,Andrew Benintendi,Chicago White Sox,Boston Red Sox,2,DH,81,279,253,61,12,2,10,34,42,22,69,1,0,107,0.241,0.299,0.423,0.722,0.7530864197530864,1.3209876543209877,0.41975308641975306,0.5185185185185185,0.2716049382716049,0.8518518518518519,0.12345679012345678,0.012345679012345678,0.07885304659498207,0.24731182795698925,0.035842293906810034
2026-07-09,2026,678246,Miguel Vargas,Chicago White Sox,Boston Red Sox,3,3B,91,396,331,79,17,1,20,61,56,56,66,11,2,158,0.239,0.354,0.477,0.831,0.8681318681318682,1.7362637362637363,0.6703296703296703,0.6153846153846154,0.6153846153846154,0.7252747252747253,0.21978021978021978,0.12087912087912088,0.1414141414141414,0.16666666666666666,0.050505050505050504
2026-07-09,2026,695657,Colson Montgomery,Chicago White Sox,Boston Red Sox,4,SS,88,368,329,73,16,0,23,42,53,30,115,1,1,158,0.222,0.304,0.48,0.784,0.8295454545454546,1.7954545454545454,0.4772727272727273,0.6022727272727273,0.3409090909090909,1.3068181818181819,0.26136363636363635,0.011363636363636364,0.08152173913043478,0.3125,0.0625
2026-07-09,2026,671976,Tristan Peters,Chicago White Sox,Boston Red Sox,5,CF,88,266,240,70,19,2,5,35,31,18,49,5,2,108,0.292,0.347,0.45,0.797,0.7954545454545454,1.2272727272727273,0.3977272727272727,0.3522727272727273,0.20454545454545456,0.5568181818181818,0.056818181818181816,0.056818181818181816,0.06766917293233082,0.18421052631578946,0.018796992481203006
2026-07-09,2026,803011,Sam Antonacci,Chicago White Sox,Boston Red Sox,6,LF,73,294,253,73,12,2,5,46,25,21,45,12,5,104,0.289,0.38,0.411,0.791,1.0,1.4246575342465753,0.6301369863013698,0.3424657534246575,0.2876712328767123,0.6164383561643836,0.0684931506849315,0.1643835616438356,0.07142857142857142,0.15306122448979592,0.017006802721088437
2026-07-09,2026,695731,Braden Montgomery,Chicago White Sox,Boston Red Sox,7,RF,26,104,93,21,8,0,2,13,8,10,22,0,1,35,0.226,0.298,0.376,0.674,0.8076923076923077,1.3461538461538463,0.5,0.3076923076923077,0.38461538461538464,0.8461538461538461,0.07692307692307693,0.0,0.09615384615384616,0.21153846153846154,0.019230769230769232
2026-07-09,2026,694378,Jacob Gonzalez,Chicago White Sox,Boston Red Sox,8,1B,30,97,86,21,4,0,2,11,17,8,22,0,0,31,0.244,0.323,0.36,0.683,0.7,1.0333333333333334,0.36666666666666664,0.5666666666666667,0.26666666666666666,0.7333333333333333,0.06666666666666667,0.0,0.08247422680412371,0.2268041237113402,0.020618556701030927
2026-07-09,2026,691019,Kyle Teel,Chicago White Sox,Boston Red Sox,9,C,14,53,48,9,1,0,2,5,11,4,20,0,0,16,0.188,0.264,0.333,0.597,0.6428571428571429,1.1428571428571428,0.35714285714285715,0.7857142857142857,0.2857142857142857,1.4285714285714286,0.14285714285714285,0.0,0.07547169811320754,0.37735849056603776,0.03773584905660377
2026-07-09,2026,811965,Joshua Kuroda-Grauer,Athletics,Detroit Tigers,1,3B,9,35,34,15,3,0,0,4,1,0,4,0,1,18,0.441,0.457,0.529,0.986,1.6666666666666667,2.0,0.4444444444444444,0.1111111111111111,0.0,0.4444444444444444,0.0,0.0,0.0,0.11428571428571428,0.0
2026-07-09,2026,701762,Nick Kurtz,Athletics,Detroit Tigers,2,DH,92,412,334,89,15,1,20,61,66,76,130,7,1,166,0.266,0.405,0.497,0.902,0.967391304347826,1.8043478260869565,0.6630434782608695,0.717391304347826,0.8260869565217391,1.4130434782608696,0.21739130434782608,0.07608695652173914,0.18446601941747573,0.3155339805825243,0.04854368932038835
2026-07-09,2026,669127,Shea Langeliers,Athletics,Detroit Tigers,3,C,83,375,339,89,16,0,20,51,45,30,79,2,1,165,0.263,0.331,0.487,0.818,1.072289156626506,1.9879518072289157,0.6144578313253012,0.5421686746987951,0.3614457831325301,0.9518072289156626,0.24096385542168675,0.024096385542168676,0.08,0.21066666666666667,0.05333333333333334
2026-07-09,2026,641680,Jonah Heim,Athletics,Detroit Tigers,4,1B,48,168,152,37,9,0,9,20,29,13,31,0,0,73,0.243,0.304,0.48,0.784,0.7708333333333334,1.5208333333333333,0.4166666666666667,0.6041666666666666,0.2708333333333333,0.6458333333333334,0.1875,0.0,0.07738095238095238,0.18452380952380953,0.05357142857142857
2026-07-09,2026,805779,Jacob Wilson,Athletics,Detroit Tigers,5,SS,53,226,213,58,10,0,4,24,26,11,27,2,0,80,0.272,0.307,0.376,0.683,1.0943396226415094,1.509433962264151,0.4528301886792453,0.49056603773584906,0.20754716981132076,0.5094339622641509,0.07547169811320754,0.03773584905660377,0.048672566371681415,0.11946902654867257,0.017699115044247787
2026-07-09,2026,671732,Lawrence Butler,Athletics,Detroit Tigers,6,RF,85,262,231,46,9,0,5,31,22,30,70,6,3,70,0.199,0.294,0.303,0.597,0.5411764705882353,0.8235294117647058,0.36470588235294116,0.25882352941176473,0.35294117647058826,0.8235294117647058,0.058823529411764705,0.07058823529411765,0.11450381679389313,0.26717557251908397,0.019083969465648856
2026-07-09,2026,691016,Tyler Soderstrom,Athletics,Detroit Tigers,7,PH,82,340,293,71,21,2,13,42,41,44,59,1,1,135,0.242,0.344,0.461,0.805,0.8658536585365854,1.646341463414634,0.5121951219512195,0.5,0.5365853658536586,0.7195121951219512,0.15853658536585366,0.012195121951219513,0.12941176470588237,0.17352941176470588,0.03823529411764706
2026-07-09,2026,703607,Henry Bolte,Athletics,Detroit Tigers,8,CF,51,193,168,46,6,0,3,18,16,15,53,11,4,61,0.274,0.354,0.363,0.717,0.9019607843137255,1.196078431372549,0.35294117647058826,0.3137254901960784,0.29411764705882354,1.0392156862745099,0.058823529411764705,0.21568627450980393,0.07772020725388601,0.27461139896373055,0.015544041450777202
2026-07-09,2026,643446,Jeff McNeil,Athletics,Detroit Tigers,9,2B,83,289,260,60,11,0,3,23,26,21,36,1,2,80,0.231,0.295,0.308,0.603,0.7228915662650602,0.963855421686747,0.27710843373493976,0.3132530120481928,0.25301204819277107,0.43373493975903615,0.03614457831325301,0.012048192771084338,0.0726643598615917,0.1245674740484429,0.010380622837370242
2026-07-09,2026,805808,Kevin McGonigle,Detroit Tigers,Athletics,1,3B,90,400,338,97,18,3,7,57,32,59,54,11,0,142,0.287,0.398,0.42,0.818,1.0777777777777777,1.5777777777777777,0.6333333333333333,0.35555555555555557,0.6555555555555556,0.6,0.07777777777777778,0.12222222222222222,0.1475,0.135,0.0175
2026-07-09,2026,663837,Matt Vierling,Detroit Tigers,Athletics,2,RF,78,253,231,46,12,2,5,21,30,17,41,3,2,77,0.199,0.25,0.333,0.583,0.5897435897435898,0.9871794871794872,0.2692307692307692,0.38461538461538464,0.21794871794871795,0.5256410256410257,0.0641025641025641,0.038461538461538464,0.06719367588932806,0.16205533596837945,0.019762845849802372
2026-07-09,2026,679529,Spencer Torkelson,Detroit Tigers,Athletics,3,1B,92,360,311,66,18,0,15,37,41,41,117,0,1,129,0.212,0.312,0.415,0.727,0.717391304347826,1.4021739130434783,0.40217391304347827,0.44565217391304346,0.44565217391304346,1.2717391304347827,0.16304347826086957,0.0,0.11388888888888889,0.325,0.041666666666666664
2026-07-09,2026,682985,Riley Greene,Detroit Tigers,Athletics,4,LF,92,388,336,97,18,1,13,46,45,47,104,2,1,156,0.289,0.376,0.464,0.84,1.0543478260869565,1.6956521739130435,0.5,0.4891304347826087,0.5108695652173914,1.1304347826086956,0.14130434782608695,0.021739130434782608,0.1211340206185567,0.26804123711340205,0.03350515463917526
2026-07-09,2026,701678,Hao-Yu Lee,Detroit Tigers,Athletics,5,2B,54,154,146,36,6,1,4,11,15,7,41,1,2,56,0.247,0.281,0.384,0.665,0.6666666666666666,1.037037037037037,0.2037037037037037,0.2777777777777778,0.12962962962962962,0.7592592592592593,0.07407407407407407,0.018518518518518517,0.045454545454545456,0.2662337662337662,0.025974025974025976
2026-07-09,2026,680664,Eduardo Valencia,Detroit Tigers,Athletics,6,DH,1,2,1,1,0,0,1,1,1,0,0,0,0,4,1.0,1.0,4.0,5.0,1.0,4.0,1.0,1.0,0.0,0.0,1.0,0.0,0.0,0.0,0.5
2026-07-09,2026,656716,Zach McKinstry,Detroit Tigers,Athletics,7,SS,68,237,208,42,6,2,4,20,18,25,41,1,3,64,0.202,0.285,0.308,0.593,0.6176470588235294,0.9411764705882353,0.29411764705882354,0.2647058823529412,0.36764705882352944,0.6029411764705882,0.058823529411764705,0.014705882352941176,0.10548523206751055,0.1729957805907173,0.016877637130801686
2026-07-09,2026,668670,Jake Rogers,Detroit Tigers,Athletics,8,C,31,96,82,14,2,1,3,10,9,10,30,1,0,27,0.171,0.263,0.329,0.592,0.45161290322580644,0.8709677419354839,0.3225806451612903,0.2903225806451613,0.3225806451612903,0.967741935483871,0.0967741935483871,0.03225806451612903,0.10416666666666667,0.3125,0.03125
2026-07-09,2026,681546,James Outman,Detroit Tigers,Athletics,9,CF,71,129,118,18,4,1,3,16,11,10,55,5,2,33,0.153,0.225,0.28,0.505,0.2535211267605634,0.4647887323943662,0.22535211267605634,0.15492957746478872,0.14084507042253522,0.7746478873239436,0.04225352112676056,0.07042253521126761,0.07751937984496124,0.4263565891472868,0.023255813953488372
2026-07-09,2026,641487,J.P. Crawford,Seattle Mariners,Miami Marlins,1,3B,76,322,272,57,7,0,10,36,25,44,68,1,3,94,0.21,0.329,0.346,0.675,0.75,1.236842105263158,0.47368421052631576,0.32894736842105265,0.5789473684210527,0.8947368421052632,0.13157894736842105,0.013157894736842105,0.13664596273291926,0.2111801242236025,0.031055900621118012
2026-07-09,2026,668227,Randy Arozarena,Seattle Mariners,Miami Marlins,2,LF,86,366,314,90,21,1,10,58,42,35,79,19,5,143,0.287,0.38,0.455,0.835,1.0465116279069768,1.6627906976744187,0.6744186046511628,0.4883720930232558,0.4069767441860465,0.9186046511627907,0.11627906976744186,0.22093023255813954,0.09562841530054644,0.21584699453551912,0.0273224043715847
2026-07-09,2026,686527,Dominic Canzone,Seattle Mariners,Miami Marlins,3,DH,81,246,219,59,13,1,15,33,39,22,51,1,1,119,0.269,0.341,0.543,0.884,0.7283950617283951,1.4691358024691359,0.4074074074074074,0.48148148148148145,0.2716049382716049,0.6296296296296297,0.18518518518518517,0.012345679012345678,0.08943089430894309,0.2073170731707317,0.06097560975609756
2026-07-09,2026,663728,Cal Raleigh,Seattle Mariners,Miami Marlins,4,C,62,267,232,39,7,0,9,23,29,32,86,2,1,73,0.168,0.266,0.315,0.581,0.6290322580645161,1.1774193548387097,0.3709677419354839,0.46774193548387094,0.5161290322580645,1.3870967741935485,0.14516129032258066,0.03225806451612903,0.1198501872659176,0.32209737827715357,0.033707865168539325
2026-07-09,2026,647304,Josh Naylor,Seattle Mariners,Miami Marlins,5,1B,87,376,343,86,11,0,8,34,36,28,47,18,3,121,0.251,0.312,0.353,0.665,0.9885057471264368,1.3908045977011494,0.39080459770114945,0.41379310344827586,0.3218390804597701,0.5402298850574713,0.09195402298850575,0.20689655172413793,0.07446808510638298,0.125,0.02127659574468085
2026-07-09,2026,670042,Luke Raley,Seattle Mariners,Miami Marlins,6,RF,80,253,230,54,9,1,14,25,36,13,82,1,1,107,0.235,0.295,0.465,0.76,0.675,1.3375,0.3125,0.45,0.1625,1.025,0.175,0.0125,0.05138339920948617,0.3241106719367589,0.05533596837944664
2026-07-09,2026,702284,Cole Young,Seattle Mariners,Miami Marlins,7,2B,94,373,337,85,13,1,10,42,42,25,68,2,3,130,0.252,0.315,0.386,0.701,0.9042553191489362,1.3829787234042554,0.44680851063829785,0.44680851063829785,0.26595744680851063,0.723404255319149,0.10638297872340426,0.02127659574468085,0.06702412868632708,0.18230563002680966,0.02680965147453083
2026-07-09,2026,645302,Victor Robles,Seattle Mariners,Miami Marlins,8,CF,38,98,91,20,2,0,0,7,4,5,17,6,1,22,0.22,0.276,0.242,0.518,0.5263157894736842,0.5789473684210527,0.18421052631578946,0.10526315789473684,0.13157894736842105,0.4473684210526316,0.0,0.15789473684210525,0.05102040816326531,0.17346938775510204,0.0
2026-07-09,2026,806068,Colt Emerson,Seattle Mariners,Miami Marlins,9,SS,44,156,141,29,5,1,7,17,19,13,54,3,1,57,0.206,0.282,0.404,0.686,0.6590909090909091,1.2954545454545454,0.38636363636363635,0.4318181818181818,0.29545454545454547,1.2272727272727273,0.1590909090909091,0.06818181818181818,0.08333333333333333,0.34615384615384615,0.04487179487179487
2026-07-09,2026,689414,Liam Hicks,Miami Marlins,Seattle Mariners,1,C,82,333,290,83,9,1,13,50,57,31,30,1,0,133,0.286,0.358,0.459,0.817,1.0121951219512195,1.6219512195121952,0.6097560975609756,0.6951219512195121,0.3780487804878049,0.36585365853658536,0.15853658536585366,0.012195121951219513,0.09309309309309309,0.09009009009009009,0.03903903903903904
2026-07-09,2026,672640,Otto Lopez,Miami Marlins,Seattle Mariners,2,SS,92,397,368,127,26,6,9,61,45,19,52,17,3,192,0.345,0.378,0.522,0.9,1.3804347826086956,2.0869565217391304,0.6630434782608695,0.4891304347826087,0.20652173913043478,0.5652173913043478,0.09782608695652174,0.18478260869565216,0.04785894206549118,0.1309823677581864,0.022670025188916875
2026-07-09,2026,669364,Xavier Edwards,Miami Marlins,Seattle Mariners,3,2B,94,397,341,103,13,6,6,50,36,50,47,13,3,146,0.302,0.386,0.428,0.814,1.0957446808510638,1.553191489361702,0.5319148936170213,0.3829787234042553,0.5319148936170213,0.5,0.06382978723404255,0.13829787234042554,0.12594458438287154,0.11838790931989925,0.015113350125944584
2026-07-09,2026,669065,Kyle Stowers,Miami Marlins,Seattle Mariners,4,1B,69,295,259,63,16,3,12,36,42,27,93,1,1,121,0.243,0.327,0.467,0.794,0.9130434782608695,1.7536231884057971,0.5217391304347826,0.6086956521739131,0.391304347826087,1.3478260869565217,0.17391304347826086,0.014492753623188406,0.09152542372881356,0.3152542372881356,0.04067796610169491
2026-07-09,2026,681715,Heriberto Hernández,Miami Marlins,Seattle Mariners,5,DH,64,216,192,45,7,1,12,23,35,22,49,5,2,90,0.234,0.315,0.469,0.784,0.703125,1.40625,0.359375,0.546875,0.34375,0.765625,0.1875,0.078125,0.10185185185185185,0.22685185185185186,0.05555555555555555
2026-07-09,2026,665052,Griffin Conine,Miami Marlins,Seattle Mariners,6,LF,27,84,72,19,4,0,4,12,11,10,26,2,0,35,0.264,0.369,0.486,0.855,0.7037037037037037,1.2962962962962963,0.4444444444444444,0.4074074074074074,0.37037037037037035,0.9629629629629629,0.14814814814814814,0.07407407407407407,0.11904761904761904,0.30952380952380953,0.047619047619047616
2026-07-09,2026,665923,Esteury Ruiz,Miami Marlins,Seattle Mariners,7,RF,56,113,94,23,8,1,4,24,9,12,32,19,3,45,0.245,0.357,0.479,0.836,0.4107142857142857,0.8035714285714286,0.42857142857142855,0.16071428571428573,0.21428571428571427,0.5714285714285714,0.07142857142857142,0.3392857142857143,0.10619469026548672,0.2831858407079646,0.035398230088495575
2026-07-09,2026,805300,Jakob Marsee,Miami Marlins,Seattle Mariners,8,CF,91,379,317,63,11,3,5,47,25,48,84,18,10,95,0.199,0.32,0.3,0.62,0.6923076923076923,1.043956043956044,0.5164835164835165,0.27472527472527475,0.5274725274725275,0.9230769230769231,0.054945054945054944,0.1978021978021978,0.1266490765171504,0.22163588390501318,0.013192612137203167
2026-07-09,2026,691594,Javier Sanoja,Miami Marlins,Seattle Mariners,9,3B,76,232,216,60,17,2,3,21,34,14,21,5,2,90,0.278,0.32,0.417,0.737,0.7894736842105263,1.1842105263157894,0.27631578947368424,0.4473684210526316,0.18421052631578946,0.27631578947368424,0.039473684210526314,0.06578947368421052,0.0603448275862069,0.09051724137931035,0.01293103448275862
2026-07-09,2026,607208,Trea Turner,Philadelphia Phillies,Cincinnati Reds,1,SS,91,402,376,90,16,0,10,62,32,23,90,16,2,136,0.239,0.286,0.362,0.648,0.989010989010989,1.4945054945054945,0.6813186813186813,0.3516483516483517,0.25274725274725274,0.989010989010989,0.10989010989010989,0.17582417582417584,0.05721393034825871,0.22388059701492538,0.024875621890547265
2026-07-09,2026,656941,Kyle Schwarber,Philadelphia Phillies,Cincinnati Reds,2,DH,90,401,338,86,9,1,32,57,58,58,140,2,0,193,0.254,0.369,0.571,0.94,0.9555555555555556,2.1444444444444444,0.6333333333333333,0.6444444444444445,0.6444444444444445,1.5555555555555556,0.35555555555555557,0.022222222222222223,0.14463840399002495,0.3491271820448878,0.0798004987531172
2026-07-09,2026,547180,Bryce Harper,Philadelphia Phillies,Cincinnati Reds,3,1B,94,395,330,86,16,2,20,57,57,59,81,5,3,166,0.261,0.367,0.503,0.87,0.9148936170212766,1.7659574468085106,0.6063829787234043,0.6063829787234043,0.6276595744680851,0.8617021276595744,0.2127659574468085,0.05319148936170213,0.14936708860759493,0.20506329113924052,0.05063291139240506
2026-07-09,2026,669016,Brandon Marsh,Philadelphia Phillies,Cincinnati Reds,4,LF,89,351,329,101,15,2,15,50,46,17,91,8,3,165,0.307,0.342,0.502,0.844,1.1348314606741574,1.853932584269663,0.5617977528089888,0.5168539325842697,0.19101123595505617,1.0224719101123596,0.16853932584269662,0.0898876404494382,0.04843304843304843,0.25925925925925924,0.042735042735042736
2026-07-09,2026,664761,Alec Bohm,Philadelphia Phillies,Cincinnati Reds,5,3B,89,361,327,72,14,0,11,30,47,25,52,1,0,119,0.22,0.283,0.364,0.647,0.8089887640449438,1.3370786516853932,0.33707865168539325,0.5280898876404494,0.2808988764044944,0.5842696629213483,0.12359550561797752,0.011235955056179775,0.06925207756232687,0.1440443213296399,0.030470914127423823
2026-07-09,2026,681082,Bryson Stott,Philadelphia Phillies,Cincinnati Reds,6,2B,88,341,310,76,16,4,7,36,41,25,59,16,0,121,0.245,0.304,0.39,0.694,0.8636363636363636,1.375,0.4090909090909091,0.4659090909090909,0.2840909090909091,0.6704545454545454,0.07954545454545454,0.18181818181818182,0.07331378299120235,0.17302052785923755,0.020527859237536656
2026-07-09,2026,656537,Derek Hill,Philadelphia Phillies,Cincinnati Reds,7,RF,70,134,121,30,3,0,6,19,13,9,47,7,4,51,0.248,0.305,0.421,0.726,0.42857142857142855,0.7285714285714285,0.2714285714285714,0.18571428571428572,0.12857142857142856,0.6714285714285714,0.08571428571428572,0.1,0.06716417910447761,0.35074626865671643,0.04477611940298507
2026-07-09,2026,592663,J.T. Realmuto,Philadelphia Phillies,Cincinnati Reds,8,C,66,249,221,44,9,0,7,24,28,19,52,3,0,74,0.199,0.281,0.335,0.616,0.6666666666666666,1.121212121212121,0.36363636363636365,0.42424242424242425,0.2878787878787879,0.7878787878787878,0.10606060606060606,0.045454545454545456,0.07630522088353414,0.20883534136546184,0.028112449799196786
2026-07-09,2026,702222,Justin Crawford,Philadelphia Phillies,Cincinnati Reds,9,CF,88,287,266,70,12,3,2,28,21,17,59,12,3,94,0.263,0.312,0.353,0.665,0.7954545454545454,1.0681818181818181,0.3181818181818182,0.23863636363636365,0.19318181818181818,0.6704545454545454,0.022727272727272728,0.13636363636363635,0.059233449477351915,0.20557491289198607,0.006968641114982578
2026-07-09,2026,682829,Elly De La Cruz,Cincinnati Reds,Philadelphia Phillies,1,SS,73,325,289,78,15,2,14,47,43,32,95,13,5,139,0.27,0.345,0.481,0.826,1.0684931506849316,1.904109589041096,0.6438356164383562,0.589041095890411,0.4383561643835616,1.3013698630136987,0.1917808219178082,0.1780821917808219,0.09846153846153846,0.2923076923076923,0.043076923076923075
2026-07-09,2026,701398,Sal Stewart,Cincinnati Reds,Philadelphia Phillies,2,3B,92,400,351,89,21,0,19,50,64,45,86,11,3,167,0.254,0.338,0.476,0.814,0.967391304347826,1.815217391304348,0.5434782608695652,0.6956521739130435,0.4891304347826087,0.9347826086956522,0.20652173913043478,0.11956521739130435,0.1125,0.215,0.0475
2026-07-09,2026,668709,JJ Bleday,Cincinnati Reds,Philadelphia Phillies,3,LF,64,272,230,55,11,1,14,32,39,37,53,4,3,110,0.239,0.347,0.478,0.825,0.859375,1.71875,0.5,0.609375,0.578125,0.828125,0.21875,0.0625,0.13602941176470587,0.1948529411764706,0.051470588235294115
2026-07-09,2026,668715,Spencer Steer,Cincinnati Reds,Philadelphia Phillies,4,1B,88,345,304,73,13,0,14,51,36,33,79,3,0,128,0.24,0.323,0.421,0.744,0.8295454545454546,1.4545454545454546,0.5795454545454546,0.4090909090909091,0.375,0.8977272727272727,0.1590909090909091,0.03409090909090909,0.09565217391304348,0.2289855072463768,0.04057971014492753
2026-07-09,2026,553993,Eugenio Suárez,Cincinnati Reds,Philadelphia Phillies,5,DH,64,255,229,46,10,0,9,21,32,23,89,0,1,83,0.201,0.278,0.362,0.64,0.71875,1.296875,0.328125,0.5,0.359375,1.390625,0.140625,0.0,0.09019607843137255,0.34901960784313724,0.03529411764705882
2026-07-09,2026,663886,Tyler Stephenson,Cincinnati Reds,Philadelphia Phillies,6,C,70,248,218,51,10,0,6,18,24,28,63,0,1,79,0.234,0.319,0.362,0.681,0.7285714285714285,1.1285714285714286,0.2571428571428571,0.34285714285714286,0.4,0.9,0.08571428571428572,0.0,0.11290322580645161,0.2540322580645161,0.024193548387096774
2026-07-09,2026,682622,Noelvi Marte,Cincinnati Reds,Philadelphia Phillies,7,RF,38,129,120,24,5,0,6,15,13,9,33,4,1,47,0.2,0.256,0.392,0.648,0.631578947368421,1.236842105263158,0.39473684210526316,0.34210526315789475,0.23684210526315788,0.868421052631579,0.15789473684210525,0.10526315789473684,0.06976744186046512,0.2558139534883721,0.046511627906976744
2026-07-09,2026,695490,Edwin Arroyo,Cincinnati Reds,Philadelphia Phillies,8,2B,30,96,88,21,3,1,0,11,4,3,21,0,1,26,0.239,0.284,0.295,0.579,0.7,0.8666666666666667,0.36666666666666664,0.13333333333333333,0.1,0.7,0.0,0.0,0.03125,0.21875,0.0
2026-07-09,2026,670770,TJ Friedl,Cincinnati Reds,Philadelphia Phillies,9,CF,57,210,184,32,6,1,3,18,11,16,51,5,0,49,0.174,0.254,0.266,0.52,0.5614035087719298,0.8596491228070176,0.3157894736842105,0.19298245614035087,0.2807017543859649,0.8947368421052632,0.05263157894736842,0.08771929824561403,0.0761904761904762,0.24285714285714285,0.014285714285714285
2026-07-09,2026,669003,Garrett Mitchell,Milwaukee Brewers,St. Louis Cardinals,1,CF,83,298,259,71,18,3,8,41,43,35,99,6,5,119,0.274,0.364,0.459,0.823,0.8554216867469879,1.4337349397590362,0.4939759036144578,0.5180722891566265,0.42168674698795183,1.1927710843373494,0.0963855421686747,0.07228915662650602,0.1174496644295302,0.33221476510067116,0.026845637583892617
2026-07-09,2026,694192,Jackson Chourio,Milwaukee Brewers,St. Louis Cardinals,2,LF,59,272,250,71,16,0,13,41,36,20,65,6,1,126,0.284,0.338,0.504,0.842,1.2033898305084745,2.135593220338983,0.6949152542372882,0.6101694915254238,0.3389830508474576,1.1016949152542372,0.22033898305084745,0.1016949152542373,0.07352941176470588,0.23897058823529413,0.04779411764705882
2026-07-09,2026,668930,Brice Turang,Milwaukee Brewers,St. Louis Cardinals,3,2B,88,402,346,93,22,3,13,65,56,51,102,15,3,160,0.269,0.361,0.462,0.823,1.0568181818181819,1.8181818181818181,0.7386363636363636,0.6363636363636364,0.5795454545454546,1.1590909090909092,0.14772727272727273,0.17045454545454544,0.12686567164179105,0.2537313432835821,0.03233830845771144
2026-07-09,2026,661388,William Contreras,Milwaukee Brewers,St. Louis Cardinals,4,C,87,378,338,95,12,0,9,47,52,32,50,1,2,134,0.281,0.344,0.396,0.74,1.0919540229885059,1.5402298850574712,0.5402298850574713,0.5977011494252874,0.367816091954023,0.5747126436781609,0.10344827586206896,0.011494252873563218,0.08465608465608465,0.13227513227513227,0.023809523809523808
2026-07-09,2026,641343,Jake Bauers,Milwaukee Brewers,St. Louis Cardinals,5,DH,84,334,287,77,15,1,17,54,57,43,86,5,1,145,0.268,0.368,0.505,0.873,0.9166666666666666,1.7261904761904763,0.6428571428571429,0.6785714285714286,0.5119047619047619,1.0238095238095237,0.20238095238095238,0.05952380952380952,0.12874251497005987,0.25748502994011974,0.05089820359281437
2026-07-09,2026,683734,Andrew Vaughn,Milwaukee Brewers,St. Louis Cardinals,6,1B,52,167,144,46,14,2,2,20,24,20,19,0,0,70,0.319,0.407,0.486,0.893,0.8846153846153846,1.3461538461538463,0.38461538461538464,0.46153846153846156,0.38461538461538464,0.36538461538461536,0.038461538461538464,0.0,0.11976047904191617,0.11377245508982035,0.011976047904191617
2026-07-09,2026,686217,Sal Frelick,Milwaukee Brewers,St. Louis Cardinals,7,RF,87,304,267,64,14,0,3,32,32,25,29,6,2,87,0.24,0.306,0.326,0.632,0.735632183908046,1.0,0.367816091954023,0.367816091954023,0.28735632183908044,0.3333333333333333,0.034482758620689655,0.06896551724137931,0.08223684210526316,0.09539473684210527,0.009868421052631578
2026-07-09,2026,806198,Cooper Pratt,Milwaukee Brewers,St. Louis Cardinals,8,SS,22,81,66,17,2,1,0,9,6,12,13,6,1,21,0.258,0.37,0.318,0.688,0.7727272727272727,0.9545454545454546,0.4090909090909091,0.2727272727272727,0.5454545454545454,0.5909090909090909,0.0,0.2727272727272727,0.14814814814814814,0.16049382716049382,0.0
2026-07-09,2026,687401,Joey Ortiz,Milwaukee Brewers,St. Louis Cardinals,9,3B,80,230,202,45,7,0,3,23,22,21,41,5,4,61,0.223,0.292,0.302,0.594,0.5625,0.7625,0.2875,0.275,0.2625,0.5125,0.0375,0.0625,0.09130434782608696,0.1782608695652174,0.013043478260869565
2026-07-09,2026,802139,JJ Wetherholt,St. Louis Cardinals,Milwaukee Brewers,1,2B,87,395,341,91,10,0,13,57,36,38,61,9,0,140,0.267,0.362,0.411,0.773,1.0459770114942528,1.6091954022988506,0.6551724137931034,0.41379310344827586,0.4367816091954023,0.7011494252873564,0.14942528735632185,0.10344827586206896,0.09620253164556962,0.15443037974683543,0.03291139240506329
2026-07-09,2026,671056,Iván Herrera,St. Louis Cardinals,Milwaukee Brewers,2,C,92,411,334,83,14,1,11,59,40,51,68,5,0,132,0.249,0.384,0.395,0.779,0.9021739130434783,1.434782608695652,0.6413043478260869,0.43478260869565216,0.5543478260869565,0.7391304347826086,0.11956521739130435,0.05434782608695652,0.12408759124087591,0.1654501216545012,0.0267639902676399
2026-07-09,2026,676475,Alec Burleson,St. Louis Cardinals,Milwaukee Brewers,3,1B,91,387,349,97,22,1,15,49,66,31,59,3,0,166,0.278,0.341,0.476,0.817,1.065934065934066,1.8241758241758241,0.5384615384615384,0.7252747252747253,0.34065934065934067,0.6483516483516484,0.16483516483516483,0.03296703296703297,0.08010335917312661,0.1524547803617571,0.03875968992248062
2026-07-09,2026,691023,Jordan Walker,St. Louis Cardinals,Milwaukee Brewers,4,DH,90,384,347,102,19,0,22,59,73,31,97,12,5,187,0.294,0.354,0.539,0.893,1.1333333333333333,2.077777777777778,0.6555555555555556,0.8111111111111111,0.34444444444444444,1.0777777777777777,0.24444444444444444,0.13333333333333333,0.08072916666666667,0.2526041666666667,0.057291666666666664
2026-07-09,2026,663457,Lars Nootbaar,St. Louis Cardinals,Milwaukee Brewers,5,RF,29,113,99,26,6,1,2,13,9,13,25,0,1,40,0.263,0.345,0.404,0.749,0.896551724137931,1.3793103448275863,0.4482758620689655,0.3103448275862069,0.4482758620689655,0.8620689655172413,0.06896551724137931,0.0,0.11504424778761062,0.22123893805309736,0.017699115044247787
2026-07-09,2026,691026,Masyn Winn,St. Louis Cardinals,Milwaukee Brewers,6,SS,84,347,308,76,12,2,4,39,38,28,66,7,2,104,0.247,0.317,0.338,0.655,0.9047619047619048,1.2380952380952381,0.4642857142857143,0.4523809523809524,0.3333333333333333,0.7857142857142857,0.047619047619047616,0.08333333333333333,0.08069164265129683,0.19020172910662825,0.011527377521613832
2026-07-09,2026,663494,Bryan Torres,St. Louis Cardinals,Milwaukee Brewers,7,LF,27,67,61,12,0,1,4,9,8,5,13,1,0,26,0.197,0.258,0.426,0.684,0.4444444444444444,0.9629629629629629,0.3333333333333333,0.2962962962962963,0.18518518518518517,0.48148148148148145,0.14814814814814814,0.037037037037037035,0.07462686567164178,0.19402985074626866,0.05970149253731343
2026-07-09,2026,665877,José Fermín,St. Louis Cardinals,Milwaukee Brewers,8,3B,58,166,151,40,9,0,4,16,18,12,23,3,0,61,0.265,0.317,0.404,0.721,0.6896551724137931,1.0517241379310345,0.27586206896551724,0.3103448275862069,0.20689655172413793,0.39655172413793105,0.06896551724137931,0.05172413793103448,0.07228915662650602,0.13855421686746988,0.024096385542168676
2026-07-09,2026,701675,Nathan Church,St. Louis Cardinals,Milwaukee Brewers,9,CF,74,249,232,56,9,1,8,30,28,13,53,5,3,91,0.241,0.285,0.392,0.677,0.7567567567567568,1.2297297297297298,0.40540540540540543,0.3783783783783784,0.17567567567567569,0.7162162162162162,0.10810810810810811,0.06756756756756757,0.05220883534136546,0.21285140562248997,0.0321285140562249
2026-07-09,2026,687263,Zach Neto,Los Angeles Angels,Texas Rangers,1,SS,91,410,359,84,20,2,19,65,45,43,130,11,8,165,0.234,0.327,0.46,0.787,0.9230769230769231,1.8131868131868132,0.7142857142857143,0.4945054945054945,0.4725274725274725,1.4285714285714286,0.2087912087912088,0.12087912087912088,0.1048780487804878,0.3170731707317073,0.046341463414634146
2026-07-09,2026,545361,Mike Trout,Los Angeles Angels,Texas Rangers,2,CF,76,345,274,63,12,0,18,57,39,67,86,7,0,129,0.23,0.388,0.471,0.859,0.8289473684210527,1.6973684210526316,0.75,0.5131578947368421,0.881578947368421,1.131578947368421,0.23684210526315788,0.09210526315789473,0.19420289855072465,0.2492753623188406,0.05217391304347826
2026-07-09,2026,672724,Oswald Peraza,Los Angeles Angels,Texas Rangers,3,2B,81,270,253,61,11,2,7,25,23,9,78,11,2,97,0.241,0.283,0.383,0.666,0.7530864197530864,1.1975308641975309,0.30864197530864196,0.2839506172839506,0.1111111111111111,0.9629629629629629,0.08641975308641975,0.13580246913580246,0.03333333333333333,0.28888888888888886,0.025925925925925925
2026-07-09,2026,624585,Jorge Soler,Los Angeles Angels,Texas Rangers,4,DH,71,297,260,56,11,1,11,32,40,29,94,0,0,102,0.215,0.3,0.392,0.692,0.7887323943661971,1.4366197183098592,0.4507042253521127,0.5633802816901409,0.4084507042253521,1.323943661971831,0.15492957746478872,0.0,0.09764309764309764,0.3164983164983165,0.037037037037037035
2026-07-09,2026,687093,Vaughn Grissom,Los Angeles Angels,Texas Rangers,5,1B,54,202,177,44,11,0,4,21,34,17,28,0,0,67,0.249,0.323,0.379,0.702,0.8148148148148148,1.2407407407407407,0.3888888888888889,0.6296296296296297,0.3148148148148148,0.5185185185185185,0.07407407407407407,0.0,0.08415841584158416,0.13861386138613863,0.019801980198019802
2026-07-09,2026,666176,Jo Adell,Los Angeles Angels,Texas Rangers,6,RF,93,387,361,91,15,1,13,42,53,11,85,3,0,147,0.252,0.297,0.407,0.704,0.978494623655914,1.5806451612903225,0.45161290322580644,0.5698924731182796,0.11827956989247312,0.9139784946236559,0.13978494623655913,0.03225806451612903,0.028423772609819122,0.21963824289405684,0.03359173126614987
2026-07-09,2026,694203,Denzer Guzman,Los Angeles Angels,Texas Rangers,7,3B,25,107,99,25,4,0,3,10,13,7,25,1,1,38,0.253,0.302,0.384,0.686,1.0,1.52,0.4,0.52,0.28,1.0,0.12,0.04,0.06542056074766354,0.2336448598130841,0.028037383177570093
2026-07-09,2026,681351,Logan O'Hoppe,Los Angeles Angels,Texas Rangers,8,C,66,225,205,45,8,0,4,20,23,15,56,0,0,65,0.22,0.281,0.317,0.598,0.6818181818181818,0.9848484848484849,0.30303030303030304,0.3484848484848485,0.22727272727272727,0.8484848484848485,0.06060606060606061,0.0,0.06666666666666667,0.24888888888888888,0.017777777777777778
2026-07-09,2026,642350,Jose Siri,Los Angeles Angels,Texas Rangers,9,LF,42,96,86,22,3,0,5,18,18,6,27,1,1,40,0.256,0.309,0.465,0.774,0.5238095238095238,0.9523809523809523,0.42857142857142855,0.42857142857142855,0.14285714285714285,0.6428571428571429,0.11904761904761904,0.023809523809523808,0.0625,0.28125,0.052083333333333336
2026-07-09,2026,670032,Nicky Lopez,Texas Rangers,Los Angeles Angels,1,PH,40,117,108,34,2,0,1,13,11,3,17,4,2,39,0.315,0.345,0.361,0.706,0.85,0.975,0.325,0.275,0.075,0.425,0.025,0.1,0.02564102564102564,0.1452991452991453,0.008547008547008548
2026-07-09,2026,694671,Wyatt Langford,Texas Rangers,Los Angeles Angels,2,DH,41,178,167,46,8,2,8,23,21,10,40,6,0,82,0.275,0.32,0.491,0.811,1.1219512195121952,2.0,0.5609756097560976,0.5121951219512195,0.24390243902439024,0.975609756097561,0.1951219512195122,0.14634146341463414,0.056179775280898875,0.2247191011235955,0.0449438202247191
2026-07-09,2026,607043,Brandon Nimmo,Texas Rangers,Los Angeles Angels,3,RF,87,372,334,86,20,3,9,37,31,30,77,4,1,139,0.257,0.328,0.416,0.744,0.9885057471264368,1.5977011494252873,0.42528735632183906,0.3563218390804598,0.3448275862068966,0.8850574712643678,0.10344827586206896,0.04597701149425287,0.08064516129032258,0.20698924731182797,0.024193548387096774
2026-07-09,2026,673962,Josh Jung,Texas Rangers,Los Angeles Angels,4,3B,84,363,327,97,23,0,9,42,34,29,65,1,1,147,0.297,0.361,0.45,0.811,1.1547619047619047,1.75,0.5,0.40476190476190477,0.34523809523809523,0.7738095238095238,0.10714285714285714,0.011904761904761904,0.07988980716253444,0.1790633608815427,0.024793388429752067
2026-07-09,2026,669394,Jake Burger,Texas Rangers,Los Angeles Angels,5,1B,89,361,328,80,14,0,15,40,54,28,94,2,0,139,0.244,0.307,0.424,0.731,0.898876404494382,1.5617977528089888,0.449438202247191,0.6067415730337079,0.3146067415730337,1.0561797752808988,0.16853932584269662,0.02247191011235955,0.07756232686980609,0.26038781163434904,0.04155124653739612
2026-07-09,2026,677649,Ezequiel Duran,Texas Rangers,Los Angeles Angels,6,SS,84,313,287,77,15,2,8,37,47,21,71,6,1,120,0.268,0.317,0.418,0.735,0.9166666666666666,1.4285714285714286,0.44047619047619047,0.5595238095238095,0.25,0.8452380952380952,0.09523809523809523,0.07142857142857142,0.0670926517571885,0.2268370607028754,0.025559105431309903
2026-07-09,2026,553869,Elias Díaz,Texas Rangers,Los Angeles Angels,7,C,35,87,84,23,6,0,4,10,16,2,16,0,0,41,0.274,0.287,0.488,0.775,0.6571428571428571,1.1714285714285715,0.2857142857142857,0.45714285714285713,0.05714285714285714,0.45714285714285713,0.11428571428571428,0.0,0.022988505747126436,0.1839080459770115,0.04597701149425287
2026-07-09,2026,694497,Evan Carter,Texas Rangers,Los Angeles Angels,8,CF,75,255,214,39,6,2,7,31,22,32,63,11,0,70,0.182,0.299,0.327,0.626,0.52,0.9333333333333333,0.41333333333333333,0.29333333333333333,0.4266666666666667,0.84,0.09333333333333334,0.14666666666666667,0.12549019607843137,0.24705882352941178,0.027450980392156862
2026-07-09,2026,696030,Alejandro Osuna,Texas Rangers,Los Angeles Angels,9,LF,59,190,164,42,4,0,1,21,18,17,26,4,2,49,0.256,0.354,0.299,0.653,0.711864406779661,0.8305084745762712,0.3559322033898305,0.3050847457627119,0.288135593220339,0.4406779661016949,0.01694915254237288,0.06779661016949153,0.08947368421052632,0.1368421052631579,0.005263157894736842
2026-07-09,2026,606466,Ketel Marte,Arizona Diamondbacks,San Diego Padres,1,2B,89,391,357,94,19,3,17,50,54,29,52,4,0,170,0.263,0.32,0.476,0.796,1.0561797752808988,1.9101123595505618,0.5617977528089888,0.6067415730337079,0.3258426966292135,0.5842696629213483,0.19101123595505617,0.0449438202247191,0.0741687979539642,0.1329923273657289,0.043478260869565216
2026-07-09,2026,672695,Geraldo Perdomo,Arizona Diamondbacks,San Diego Padres,2,SS,89,377,313,77,13,3,6,42,33,52,46,14,8,114,0.246,0.354,0.364,0.718,0.8651685393258427,1.2808988764044944,0.47191011235955055,0.3707865168539326,0.5842696629213483,0.5168539325842697,0.06741573033707865,0.15730337078651685,0.13793103448275862,0.1220159151193634,0.015915119363395226
2026-07-09,2026,682998,Corbin Carroll,Arizona Diamondbacks,San Diego Padres,3,RF,90,384,333,87,19,10,13,52,45,45,87,9,2,165,0.261,0.354,0.495,0.849,0.9666666666666667,1.8333333333333333,0.5777777777777777,0.5,0.5,0.9666666666666667,0.14444444444444443,0.1,0.1171875,0.2265625,0.033854166666666664
2026-07-09,2026,672515,Gabriel Moreno,Arizona Diamondbacks,San Diego Padres,4,C,66,261,225,66,13,0,6,31,30,29,40,4,1,97,0.293,0.375,0.431,0.806,1.0,1.4696969696969697,0.4696969696969697,0.45454545454545453,0.4393939393939394,0.6060606060606061,0.09090909090909091,0.06060606060606061,0.1111111111111111,0.1532567049808429,0.022988505747126436
2026-07-09,2026,596146,Max Kepler,Arizona Diamondbacks,San Diego Padres,5,DH,11,33,32,6,2,0,1,3,6,1,9,0,0,11,0.188,0.212,0.344,0.556,0.5454545454545454,1.0,0.2727272727272727,0.5454545454545454,0.09090909090909091,0.8181818181818182,0.09090909090909091,0.0,0.030303030303030304,0.2727272727272727,0.030303030303030304
2026-07-09,2026,678489,Jorge Barrosa,Arizona Diamondbacks,San Diego Padres,6,CF,62,125,110,20,10,1,2,17,10,10,36,0,0,38,0.182,0.256,0.345,0.601,0.3225806451612903,0.6129032258064516,0.27419354838709675,0.16129032258064516,0.16129032258064516,0.5806451612903226,0.03225806451612903,0.0,0.08,0.288,0.016
2026-07-09,2026,571448,Nolan Arenado,Arizona Diamondbacks,San Diego Padres,7,3B,87,334,300,73,16,0,11,40,38,25,72,3,0,122,0.243,0.311,0.407,0.718,0.8390804597701149,1.4022988505747127,0.45977011494252873,0.4367816091954023,0.28735632183908044,0.8275862068965517,0.12643678160919541,0.034482758620689655,0.0748502994011976,0.2155688622754491,0.03293413173652695
2026-07-09,2026,694371,Tommy Troy,Arizona Diamondbacks,San Diego Padres,8,LF,38,132,120,27,3,1,4,22,9,12,30,1,0,44,0.225,0.295,0.367,0.662,0.7105263157894737,1.1578947368421053,0.5789473684210527,0.23684210526315788,0.3157894736842105,0.7894736842105263,0.10526315789473684,0.02631578947368421,0.09090909090909091,0.22727272727272727,0.030303030303030304
2026-07-09,2026,545121,Ildemaro Vargas,Arizona Diamondbacks,San Diego Padres,9,1B,80,290,269,69,12,2,7,39,46,16,26,2,0,106,0.257,0.302,0.394,0.696,0.8625,1.325,0.4875,0.575,0.2,0.325,0.0875,0.025,0.05517241379310345,0.0896551724137931,0.02413793103448276
2026-07-09,2026,665487,Fernando Tatis Jr.,San Diego Padres,Arizona Diamondbacks,1,RF,92,402,360,102,19,1,5,44,35,32,83,23,9,138,0.283,0.344,0.383,0.727,1.108695652173913,1.5,0.4782608695652174,0.3804347826086957,0.34782608695652173,0.9021739130434783,0.05434782608695652,0.25,0.07960199004975124,0.2064676616915423,0.012437810945273632
2026-07-09,2026,701538,Jackson Merrill,San Diego Padres,Arizona Diamondbacks,2,CF,90,378,349,76,15,1,10,40,37,25,96,19,1,123,0.218,0.272,0.352,0.624,0.8444444444444444,1.3666666666666667,0.4444444444444444,0.4111111111111111,0.2777777777777778,1.0666666666666667,0.1111111111111111,0.2111111111111111,0.06613756613756613,0.25396825396825395,0.026455026455026454
2026-07-09,2026,593428,Xander Bogaerts,San Diego Padres,Arizona Diamondbacks,3,SS,88,349,306,69,7,0,8,36,35,38,66,11,1,100,0.225,0.315,0.327,0.642,0.7840909090909091,1.1363636363636365,0.4090909090909091,0.3977272727272727,0.4318181818181818,0.75,0.09090909090909091,0.125,0.10888252148997135,0.18911174785100288,0.022922636103151862
2026-07-09,2026,592518,Manny Machado,San Diego Padres,Arizona Diamondbacks,4,3B,90,377,327,63,16,0,19,45,52,44,85,2,1,136,0.193,0.285,0.416,0.701,0.7,1.511111111111111,0.5,0.5777777777777777,0.4888888888888889,0.9444444444444444,0.2111111111111111,0.022222222222222223,0.11671087533156499,0.22546419098143236,0.050397877984084884
2026-07-09,2026,657757,Gavin Sheets,San Diego Padres,Arizona Diamondbacks,5,LF,87,309,272,62,15,0,14,33,39,33,67,4,0,119,0.228,0.32,0.438,0.758,0.7126436781609196,1.367816091954023,0.3793103448275862,0.4482758620689655,0.3793103448275862,0.7701149425287356,0.16091954022988506,0.04597701149425287,0.10679611650485436,0.2168284789644013,0.045307443365695796
2026-07-09,2026,630105,Jake Cronenworth,San Diego Padres,Arizona Diamondbacks,6,1B,43,153,134,24,3,0,3,16,10,15,33,1,0,36,0.179,0.276,0.269,0.545,0.5581395348837209,0.8372093023255814,0.37209302325581395,0.23255813953488372,0.3488372093023256,0.7674418604651163,0.06976744186046512,0.023255813953488372,0.09803921568627451,0.21568627450980393,0.0196078431372549
2026-07-09,2026,669134,Luis Campusano,San Diego Padres,Arizona Diamondbacks,7,C,24,75,64,20,7,0,4,12,11,10,17,0,0,39,0.313,0.413,0.609,1.022,0.8333333333333334,1.625,0.5,0.4583333333333333,0.4166666666666667,0.7083333333333334,0.16666666666666666,0.0,0.13333333333333333,0.22666666666666666,0.05333333333333334
2026-07-09,2026,609280,Miguel Andujar,San Diego Padres,Arizona Diamondbacks,8,DH,70,237,225,59,17,2,5,21,21,9,38,2,2,95,0.262,0.3,0.422,0.722,0.8428571428571429,1.3571428571428572,0.3,0.3,0.12857142857142856,0.5428571428571428,0.07142857142857142,0.02857142857142857,0.0379746835443038,0.16033755274261605,0.02109704641350211
2026-07-09,2026,823550,Sung-Mun Song,San Diego Padres,Arizona Diamondbacks,9,2B,40,91,80,17,3,0,1,12,10,11,16,10,2,23,0.213,0.308,0.288,0.596,0.425,0.575,0.3,0.25,0.275,0.4,0.025,0.25,0.12087912087912088,0.17582417582417584,0.01098901098901099
2026-07-09,2026,664983,Jake McCarthy,Colorado Rockies,San Francisco Giants,1,LF,80,294,268,80,17,6,9,37,51,16,52,14,4,136,0.299,0.341,0.507,0.848,1.0,1.7,0.4625,0.6375,0.2,0.65,0.1125,0.175,0.05442176870748299,0.17687074829931973,0.030612244897959183
2026-07-09,2026,691720,Kyle Karros,Colorado Rockies,San Francisco Giants,2,3B,90,310,265,69,18,2,8,46,31,40,66,3,0,115,0.26,0.361,0.434,0.795,0.7666666666666667,1.2777777777777777,0.5111111111111111,0.34444444444444444,0.4444444444444444,0.7333333333333333,0.08888888888888889,0.03333333333333333,0.12903225806451613,0.2129032258064516,0.025806451612903226
2026-07-09,2026,694249,Cole Carrigg,Colorado Rockies,San Francisco Giants,3,CF,28,109,92,27,6,3,4,23,21,12,22,2,2,51,0.293,0.37,0.554,0.924,0.9642857142857143,1.8214285714285714,0.8214285714285714,0.75,0.42857142857142855,0.7857142857142857,0.14285714285714285,0.07142857142857142,0.11009174311926606,0.2018348623853211,0.03669724770642202
2026-07-09,2026,696100,Hunter Goodman,Colorado Rockies,San Francisco Giants,4,DH,87,363,327,82,14,0,27,59,51,30,118,5,3,177,0.251,0.32,0.541,0.861,0.9425287356321839,2.0344827586206895,0.6781609195402298,0.5862068965517241,0.3448275862068966,1.3563218390804597,0.3103448275862069,0.05747126436781609,0.08264462809917356,0.325068870523416,0.0743801652892562
2026-07-09,2026,681198,TJ Rumfield,Colorado Rockies,San Francisco Giants,5,1B,92,372,327,97,20,2,12,42,47,36,53,0,0,157,0.297,0.376,0.48,0.856,1.0543478260869565,1.7065217391304348,0.45652173913043476,0.5108695652173914,0.391304347826087,0.5760869565217391,0.13043478260869565,0.0,0.0967741935483871,0.1424731182795699,0.03225806451612903
2026-07-09,2026,671289,Tyler Freeman,Colorado Rockies,San Francisco Giants,6,RF,64,243,211,57,6,1,3,27,23,11,30,6,3,74,0.27,0.35,0.351,0.701,0.890625,1.15625,0.421875,0.359375,0.171875,0.46875,0.046875,0.09375,0.04526748971193416,0.12345679012345678,0.012345679012345678
2026-07-09,2026,650489,Willi Castro,Colorado Rockies,San Francisco Giants,7,2B,80,315,283,75,13,0,7,40,37,27,86,6,4,109,0.265,0.337,0.385,0.722,0.9375,1.3625,0.5,0.4625,0.3375,1.075,0.0875,0.075,0.08571428571428572,0.273015873015873,0.022222222222222223
2026-07-09,2026,666397,Edouard Julien,Colorado Rockies,San Francisco Giants,8,PH,77,242,207,47,7,1,3,33,20,34,63,4,3,65,0.227,0.339,0.314,0.653,0.6103896103896104,0.8441558441558441,0.42857142857142855,0.2597402597402597,0.44155844155844154,0.8181818181818182,0.03896103896103896,0.05194805194805195,0.14049586776859505,0.2603305785123967,0.012396694214876033
2026-07-09,2026,690924,Braxton Fulford,Colorado Rockies,San Francisco Giants,9,C,35,66,57,11,4,0,1,12,7,6,27,4,0,18,0.193,0.273,0.316,0.589,0.3142857142857143,0.5142857142857142,0.34285714285714286,0.2,0.17142857142857143,0.7714285714285715,0.02857142857142857,0.11428571428571428,0.09090909090909091,0.4090909090909091,0.015151515151515152
2026-07-09,2026,671218,Heliot Ramos,San Francisco Giants,Colorado Rockies,1,LF,55,223,210,58,13,3,8,30,28,12,59,0,0,101,0.276,0.314,0.481,0.795,1.0545454545454545,1.8363636363636364,0.5454545454545454,0.509090909090909,0.21818181818181817,1.0727272727272728,0.14545454545454545,0.0,0.053811659192825115,0.2645739910313901,0.03587443946188341
2026-07-09,2026,650333,Luis Arraez,San Francisco Giants,Colorado Rockies,2,2B,88,389,350,114,21,7,4,46,35,22,15,7,0,161,0.326,0.363,0.46,0.823,1.2954545454545454,1.8295454545454546,0.5227272727272727,0.3977272727272727,0.25,0.17045454545454544,0.045454545454545456,0.07954545454545454,0.056555269922879174,0.038560411311053984,0.010282776349614395
2026-07-09,2026,669477,Casey Schmitt,San Francisco Giants,Colorado Rockies,3,3B,85,357,338,94,17,1,18,41,47,8,69,7,1,167,0.278,0.305,0.494,0.799,1.1058823529411765,1.964705882352941,0.4823529411764706,0.5529411764705883,0.09411764705882353,0.8117647058823529,0.21176470588235294,0.08235294117647059,0.022408963585434174,0.19327731092436976,0.05042016806722689
2026-07-09,2026,646240,Rafael Devers,San Francisco Giants,Colorado Rockies,4,DH,93,394,356,88,25,1,18,47,49,35,108,0,0,169,0.247,0.315,0.475,0.79,0.946236559139785,1.8172043010752688,0.5053763440860215,0.5268817204301075,0.3763440860215054,1.1612903225806452,0.1935483870967742,0.0,0.08883248730964467,0.27411167512690354,0.04568527918781726
2026-07-09,2026,642715,Willy Adames,San Francisco Giants,Colorado Rockies,5,SS,88,371,345,79,21,1,15,45,36,24,106,2,2,147,0.229,0.28,0.426,0.706,0.8977272727272727,1.6704545454545454,0.5113636363636364,0.4090909090909091,0.2727272727272727,1.2045454545454546,0.17045454545454544,0.022727272727272728,0.0646900269541779,0.2857142857142857,0.04043126684636118
2026-07-09,2026,805811,Bryce Eldridge,San Francisco Giants,Colorado Rockies,6,1B,51,205,178,49,12,0,8,26,20,26,50,0,0,85,0.275,0.366,0.478,0.844,0.9607843137254902,1.6666666666666667,0.5098039215686274,0.39215686274509803,0.5098039215686274,0.9803921568627451,0.1568627450980392,0.0,0.12682926829268293,0.24390243902439024,0.03902439024390244
2026-07-09,2026,808982,Jung Hoo Lee,San Francisco Giants,Colorado Rockies,7,RF,85,340,320,99,21,3,5,46,33,14,32,6,0,141,0.309,0.341,0.441,0.782,1.1647058823529413,1.6588235294117648,0.5411764705882353,0.38823529411764707,0.16470588235294117,0.3764705882352941,0.058823529411764705,0.07058823529411765,0.041176470588235294,0.09411764705882353,0.014705882352941176
2026-07-09,2026,687551,Drew Gilbert,San Francisco Giants,Colorado Rockies,8,CF,72,205,179,42,9,2,4,21,19,19,36,0,3,67,0.235,0.32,0.374,0.694,0.5833333333333334,0.9305555555555556,0.2916666666666667,0.2638888888888889,0.2638888888888889,0.5,0.05555555555555555,0.0,0.09268292682926829,0.17560975609756097,0.01951219512195122
2026-07-09,2026,701852,Drew Cavanaugh,San Francisco Giants,Colorado Rockies,9,C,10,30,27,6,0,0,0,1,2,2,8,0,0,6,0.222,0.276,0.222,0.498,0.6,0.6,0.1,0.2,0.2,0.8,0.0,0.0,0.06666666666666667,0.26666666666666666,0.0
