event_id,event_date,commence_time,platform,platform_key,player,market,direction,line,sportsbook_odds,projection,probability,push_probability,opposite_probability,fair_odds,distribution_method,calibration_sample_size,validation_mae,probability_status,probability_note,fetched_at,sportsbook_implied_probability,raw_probability_edge,player_key,team,opponent,no_vig_implied_probability,market_implied_probability,raw_projection_edge,probability_edge,expected_value,kelly_fraction,recommended_bankroll_fraction,line_is_fresh,game_not_started,minimum_market_probability,confidence_tier,grade,rejection_reason
43ecdba993f30106,2026-07-14,2026-07-15T00:00:00Z,Betr,betr,Cristopher Sánchez,pitcher_strikeouts,Over,0.5,100,6.08,0.99,0.0,0.01,-9900.0,poisson,,,calculated,Poisson fallback; dedicated pitcher residual calibration is still recommended.,2026-07-14T21:35:03Z,0.5,0.49,cristopher sanchez,National League All-Stars,,0.5,0.5,5.58,0.49,0.98,0.98,0.025,True,True,0.57,Elite,A+,invalid_line
43ecdba993f30106,2026-07-14,2026-07-15T00:00:00Z,Betr,betr,Dylan Cease,pitcher_strikeouts,Over,0.5,100,8.912,0.99,0.0,0.01,-9900.0,poisson,,,calculated,Poisson fallback; dedicated pitcher residual calibration is still recommended.,2026-07-14T21:35:03Z,0.5,0.49,dylan cease,American League All-Stars,,0.5,0.5,8.412,0.49,0.98,0.98,0.025,True,True,0.57,Elite,A+,invalid_line
43ecdba993f30106,2026-07-14,2026-07-15T00:00:00Z,Betr,betr,Kyle Schwarber,hitter_total_bases,Over,0.5,100,2.008,0.8473426309837919,0.0,0.152657369016208,-555.0,empirical_holdout_residuals,5296.0,1.3495235930554277,calculated,,2026-07-14T21:35:03Z,0.5,0.3473426309837919,kyle schwarber,National League All-Stars,American League All-Stars,0.5,0.5,1.508,0.3473426309837919,0.6946852619675838,0.6946852619675838,0.025,True,True,0.58,Elite,A+,accepted
43ecdba993f30106,2026-07-14,2026-07-15T00:00:00Z,Betr,betr,CJ Abrams,hitter_total_bases,Over,0.5,100,1.79,0.7570674707877874,0.0,0.2429325292122126,-312.0,empirical_holdout_residuals,5296.0,1.3495235930554277,calculated,,2026-07-14T21:35:03Z,0.5,0.2570674707877873,cj abrams,National League All-Stars,American League All-Stars,0.5,0.5,1.29,0.25706747078778736,0.5141349415755747,0.5141349415755747,0.025,True,True,0.58,Elite,A+,accepted
43ecdba993f30106,2026-07-14,2026-07-15T00:00:00Z,Betr,betr,Yordan Alvarez,hitter_total_bases,Over,0.5,100,1.781,0.7523558235959291,0.0,0.2476441764040708,-304.0,empirical_holdout_residuals,5296.0,1.3495235930554277,calculated,,2026-07-14T21:35:03Z,0.5,0.2523558235959291,yordan alvarez,American League All-Stars,National League All-Stars,0.5,0.5,1.281,0.2523558235959291,0.5047116471918582,0.5047116471918582,0.025,True,True,0.58,Elite,A+,accepted
43ecdba993f30106,2026-07-14,2026-07-15T00:00:00Z,Betr,betr,Mike Trout,hitter_total_bases,Over,0.5,100,1.779,0.7512250282698831,0.0,0.2487749717301168,-302.0,empirical_holdout_residuals,5296.0,1.3495235930554277,calculated,,2026-07-14T21:35:03Z,0.5,0.2512250282698831,mike trout,American League All-Stars,National League All-Stars,0.5,0.5,1.279,0.25122502826988313,0.5024500565397663,0.5024500565397663,0.025,True,True,0.58,Elite,A+,accepted
43ecdba993f30106,2026-07-14,2026-07-15T00:00:00Z,Betr,betr,Andy Pages,hitter_total_bases,Over,0.5,100,1.749,0.7370900866943083,0.0,0.2629099133056917,-280.0,empirical_holdout_residuals,5296.0,1.3495235930554277,calculated,,2026-07-14T21:35:03Z,0.5,0.2370900866943083,andy pages,National League All-Stars,American League All-Stars,0.5,0.5,1.249,0.2370900866943083,0.4741801733886166,0.4741801733886166,0.025,True,True,0.58,Elite,A+,accepted
43ecdba993f30106,2026-07-14,2026-07-15T00:00:00Z,Betr,betr,Ozzie Albies,hitter_total_bases,Over,0.5,100,1.73,0.7274783264229174,0.0,0.2725216735770825,-267.0,empirical_holdout_residuals,5296.0,1.3495235930554277,calculated,,2026-07-14T21:35:03Z,0.5,0.2274783264229174,ozzie albies,National League All-Stars,American League All-Stars,0.5,0.5,1.23,0.22747832642291743,0.45495665284583486,0.45495665284583486,0.025,True,True,0.58,Elite,A+,accepted
43ecdba993f30106,2026-07-14,2026-07-15T00:00:00Z,Betr,betr,Junior Caminero,hitter_total_bases,Over,0.5,100,1.717,0.7227666792310592,0.0,0.2772333207689408,-261.0,empirical_holdout_residuals,5296.0,1.3495235930554277,calculated,,2026-07-14T21:35:03Z,0.5,0.2227666792310592,junior caminero,American League All-Stars,National League All-Stars,0.5,0.5,1.217,0.2227666792310592,0.4455333584621184,0.4455333584621184,0.025,True,True,0.58,Elite,A+,accepted
43ecdba993f30106,2026-07-14,2026-07-15T00:00:00Z,Betr,betr,Cody Bellinger,hitter_total_bases,Over,0.5,100,1.707,0.7188088955898982,0.0,0.2811911044101017,-256.0,empirical_holdout_residuals,5296.0,1.3495235930554277,calculated,,2026-07-14T21:35:03Z,0.5,0.2188088955898982,cody bellinger,American League All-Stars,National League All-Stars,0.5,0.5,1.207,0.21880889558989824,0.4376177911797965,0.4376177911797965,0.025,True,True,0.58,Elite,A+,accepted
43ecdba993f30106,2026-07-14,2026-07-15T00:00:00Z,Betr,betr,Freddie Freeman,hitter_total_bases,Over,0.5,100,1.706,0.7178665661515266,0.0,0.2821334338484734,-254.0,empirical_holdout_residuals,5296.0,1.3495235930554277,calculated,,2026-07-14T21:35:03Z,0.5,0.2178665661515265,freddie freeman,National League All-Stars,American League All-Stars,0.5,0.5,1.206,0.21786656615152655,0.4357331323030531,0.4357331323030531,0.025,True,True,0.58,Elite,A+,accepted
43ecdba993f30106,2026-07-14,2026-07-15T00:00:00Z,Betr,betr,Bobby Witt Jr.,hitter_total_bases,Over,0.5,100,1.703,0.7167357708254806,0.0,0.2832642291745194,-253.0,empirical_holdout_residuals,5296.0,1.3495235930554277,calculated,,2026-07-14T21:35:03Z,0.5,0.2167357708254805,bobby witt,American League All-Stars,National League All-Stars,0.5,0.5,1.203,0.21673577082548057,0.43347154165096113,0.43347154165096113,0.025,True,True,0.58,Elite,A+,accepted
43ecdba993f30106,2026-07-14,2026-07-15T00:00:00Z,Betr,betr,Ben Rice,hitter_total_bases,Over,0.5,100,1.69,0.7097625329815304,0.0,0.2902374670184696,-245.0,empirical_holdout_residuals,5296.0,1.3495235930554277,calculated,,2026-07-14T21:35:03Z,0.5,0.2097625329815303,ben rice,American League All-Stars,National League All-Stars,0.5,0.5,1.19,0.20976253298153036,0.4195250659630607,0.4195250659630607,0.025,True,True,0.58,Elite,A+,accepted
43ecdba993f30106,2026-07-14,2026-07-15T00:00:00Z,Betr,betr,Drake Baldwin,hitter_total_bases,Over,0.5,100,1.651,0.6890312853373539,0.0,0.3109687146626461,-222.0,empirical_holdout_residuals,5296.0,1.3495235930554277,calculated,,2026-07-14T21:35:03Z,0.5,0.1890312853373539,drake baldwin,National League All-Stars,American League All-Stars,0.5,0.5,1.151,0.18903128533735392,0.37806257067470783,0.37806257067470783,0.025,True,True,0.58,Strong,A,accepted
4fc97005be92a4ea,2026-07-14,2026-07-15T00:00:00Z,FanDuel,fanduel,Max Muncy,hitter_hits,Over,0.5,160,0.812,0.5674707877874104,0.0,0.4325292122125895,-131.0,empirical_holdout_residuals,5296.0,0.6828175361832036,calculated,,2026-07-14T21:35:03Z,0.38461538461538464,0.1828554031720258,max muncy,National League All-Stars,American League All-Stars,,0.38461538461538464,0.31200000000000006,0.1828554031720258,0.47542404824726725,0.297140030154542,0.025,True,True,0.58,Playable,B,probability_below_threshold
43ecdba993f30106,2026-07-14,2026-07-15T00:00:00Z,Betr,betr,Brandon Marsh,hitter_total_bases,Over,0.5,100,1.621,0.6750848096494535,0.0,0.3249151903505465,-208.0,empirical_holdout_residuals,5296.0,1.3495235930554277,calculated,,2026-07-14T21:35:03Z,0.5,0.1750848096494535,brandon marsh,National League All-Stars,American League All-Stars,0.5,0.5,1.121,0.1750848096494535,0.350169619298907,0.350169619298907,0.025,True,True,0.58,Strong,A,accepted
43ecdba993f30106,2026-07-14,2026-07-15T00:00:00Z,Betr,betr,Shea Langeliers,hitter_total_bases,Over,0.5,100,1.591,0.6596306068601583,0.0,0.3403693931398417,-194.0,empirical_holdout_residuals,5296.0,1.3495235930554277,calculated,,2026-07-14T21:35:03Z,0.5,0.1596306068601583,shea langeliers,American League All-Stars,National League All-Stars,0.5,0.5,1.091,0.1596306068601583,0.3192612137203166,0.3192612137203166,0.025,True,True,0.58,Strong,A,accepted
4fc97005be92a4ea,2026-07-14,2026-07-15T00:00:00Z,FanDuel,fanduel,Mike Trout,hitter_hits,Over,0.5,135,0.985,0.5770825480588013,0.0,0.4229174519411986,-136.0,empirical_holdout_residuals,5296.0,0.6828175361832036,calculated,,2026-07-14T21:35:03Z,0.425531914893617,0.1515506331651843,mike trout,American League All-Stars,National League All-Stars,,0.425531914893617,0.485,0.1515506331651843,0.35614398793818314,0.2638103614356912,0.025,True,True,0.58,Playable,B,probability_below_threshold
4fc97005be92a4ea,2026-07-14,2026-07-15T00:00:00Z,FanDuel,fanduel,Ernie Clement,hitter_hits,Over,0.5,130,1.027,0.5838673200150772,0.0,0.4161326799849227,-140.0,empirical_holdout_residuals,5296.0,0.6828175361832036,calculated,,2026-07-14T21:35:03Z,0.43478260869565216,0.149084711319425,ernie clement,American League All-Stars,National League All-Stars,,0.43478260869565216,0.5269999999999999,0.14908471131942508,0.34289483603467763,0.2637652584882135,0.025,True,True,0.58,Playable,B,accepted
43ecdba993f30106,2026-07-14,2026-07-15T00:00:00Z,Betr,betr,Max Muncy,hitter_total_bases,Over,0.5,100,1.566,0.6486995853750471,0.0,0.3513004146249529,-185.0,empirical_holdout_residuals,5296.0,1.3495235930554277,calculated,,2026-07-14T21:35:03Z,0.5,0.1486995853750471,max muncy,National League All-Stars,American League All-Stars,0.5,0.5,1.066,0.14869958537504713,0.29739917075009425,0.29739917075009425,0.025,True,True,0.58,Good,B+,accepted
43ecdba993f30106,2026-07-14,2026-07-15T00:00:00Z,Betr,betr,Riley Greene,hitter_total_bases,Over,0.5,100,1.562,0.6470033923859781,0.0,0.3529966076140218,-183.0,empirical_holdout_residuals,5296.0,1.3495235930554277,calculated,,2026-07-14T21:35:03Z,0.5,0.1470033923859781,riley greene,American League All-Stars,National League All-Stars,0.5,0.5,1.062,0.14700339238597815,0.2940067847719563,0.2940067847719563,0.025,True,True,0.58,Good,B+,accepted
43ecdba993f30106,2026-07-14,2026-07-15T00:00:00Z,Betr,betr,Ernie Clement,hitter_total_bases,Over,0.5,100,1.552,0.6409724839803995,0.0,0.3590275160196005,-179.0,empirical_holdout_residuals,5296.0,1.3495235930554277,calculated,,2026-07-14T21:35:03Z,0.5,0.1409724839803995,ernie clement,American League All-Stars,National League All-Stars,0.5,0.5,1.052,0.14097248398039952,0.28194496796079904,0.28194496796079904,0.025,True,True,0.58,Good,B+,accepted
4fc97005be92a4ea,2026-07-14,2026-07-15T00:00:00Z,FanDuel,fanduel,Cody Bellinger,hitter_hits,Over,0.5,120,1.063,0.5934790802864681,0.0,0.4065209197135318,-146.0,empirical_holdout_residuals,5296.0,0.6828175361832036,calculated,,2026-07-14T21:35:03Z,0.45454545454545453,0.1389336257410136,cody bellinger,American League All-Stars,National League All-Stars,,0.45454545454545453,0.563,0.1389336257410136,0.30565397663022986,0.25471164719185824,0.025,True,True,0.58,Playable,B,accepted
4fc97005be92a4ea,2026-07-14,2026-07-15T00:00:00Z,FanDuel,fanduel,Riley Greene,hitter_hits,Over,0.5,130,0.943,0.5727478326422918,0.0,0.4272521673577082,-134.0,empirical_holdout_residuals,5296.0,0.6828175361832036,calculated,,2026-07-14T21:35:03Z,0.43478260869565216,0.1379652239466396,riley greene,American League All-Stars,National League All-Stars,,0.43478260869565216,0.44299999999999995,0.13796522394663963,0.31732001507727114,0.24409231929020855,0.025,True,True,0.58,Playable,B,probability_below_threshold
4fc97005be92a4ea,2026-07-14,2026-07-15T00:00:00Z,FanDuel,fanduel,Freddie Freeman,hitter_hits,Over,0.5,125,0.996,0.5795326045985677,0.0,0.4204673954014323,-138.0,empirical_holdout_residuals,5296.0,0.6828175361832036,calculated,,2026-07-14T21:35:03Z,0.4444444444444444,0.1350881601541232,freddie freeman,National League All-Stars,American League All-Stars,,0.4444444444444444,0.496,0.13508816015412328,0.3039483603467773,0.24315868827742185,0.025,True,True,0.58,Playable,B,probability_below_threshold
4fc97005be92a4ea,2026-07-14,2026-07-15T00:00:00Z,FanDuel,fanduel,Ben Rice,hitter_hits,Over,0.5,130,0.881,0.5693554466641538,0.0,0.4306445533358462,-132.0,empirical_holdout_residuals,5296.0,0.6828175361832036,calculated,,2026-07-14T21:35:03Z,0.43478260869565216,0.1345728379685016,ben rice,American League All-Stars,National League All-Stars,,0.43478260869565216,0.381,0.13457283796850167,0.3095175273275539,0.2380904056365799,0.025,True,True,0.58,Playable,B,probability_below_threshold
43ecdba993f30106,2026-07-14,2026-07-15T00:00:00Z,Betr,betr,Andy Pages,hitter_runs,Under,0.5,-100,0.606,0.6324915190350546,0.0,0.3675084809649453,-172.0,empirical_holdout_residuals,5296.0,0.5737119762932098,calculated,,2026-07-14T21:35:03Z,0.5,0.1324915190350546,andy pages,National League All-Stars,American League All-Stars,0.5,0.5,0.10599999999999998,0.13249151903505463,0.26498303807010926,0.26498303807010926,0.025,True,True,0.59,Good,B+,accepted
43ecdba993f30106,2026-07-14,2026-07-15T00:00:00Z,Betr,betr,Ben Rice,hitter_runs,Under,0.5,-100,0.544,0.6324915190350546,0.0,0.3675084809649453,-172.0,empirical_holdout_residuals,5296.0,0.5737119762932098,calculated,,2026-07-14T21:35:03Z,0.5,0.1324915190350546,ben rice,American League All-Stars,National League All-Stars,0.5,0.5,0.04400000000000004,0.13249151903505463,0.26498303807010926,0.26498303807010926,0.025,True,True,0.59,Good,B+,accepted
43ecdba993f30106,2026-07-14,2026-07-15T00:00:00Z,Betr,betr,Bobby Witt Jr.,hitter_runs,Under,0.5,-100,0.585,0.6324915190350546,0.0,0.3675084809649453,-172.0,empirical_holdout_residuals,5296.0,0.5737119762932098,calculated,,2026-07-14T21:35:03Z,0.5,0.1324915190350546,bobby witt,American League All-Stars,National League All-Stars,0.5,0.5,0.08499999999999996,0.13249151903505463,0.26498303807010926,0.26498303807010926,0.025,True,True,0.59,Good,B+,accepted
43ecdba993f30106,2026-07-14,2026-07-15T00:00:00Z,Betr,betr,Brandon Marsh,hitter_runs,Under,0.5,-100,0.56,0.6324915190350546,0.0,0.3675084809649453,-172.0,empirical_holdout_residuals,5296.0,0.5737119762932098,calculated,,2026-07-14T21:35:03Z,0.5,0.1324915190350546,brandon marsh,National League All-Stars,American League All-Stars,0.5,0.5,0.06000000000000005,0.13249151903505463,0.26498303807010926,0.26498303807010926,0.025,True,True,0.59,Good,B+,accepted
43ecdba993f30106,2026-07-14,2026-07-15T00:00:00Z,Betr,betr,CJ Abrams,hitter_runs,Under,0.5,-100,0.595,0.6324915190350546,0.0,0.3675084809649453,-172.0,empirical_holdout_residuals,5296.0,0.5737119762932098,calculated,,2026-07-14T21:35:03Z,0.5,0.1324915190350546,cj abrams,National League All-Stars,American League All-Stars,0.5,0.5,0.09499999999999997,0.13249151903505463,0.26498303807010926,0.26498303807010926,0.025,True,True,0.59,Good,B+,accepted
43ecdba993f30106,2026-07-14,2026-07-15T00:00:00Z,Betr,betr,Cody Bellinger,hitter_runs,Under,0.5,-100,0.514,0.6324915190350546,0.0,0.3675084809649453,-172.0,empirical_holdout_residuals,5296.0,0.5737119762932098,calculated,,2026-07-14T21:35:03Z,0.5,0.1324915190350546,cody bellinger,American League All-Stars,National League All-Stars,0.5,0.5,0.014000000000000012,0.13249151903505463,0.26498303807010926,0.26498303807010926,0.025,True,True,0.59,Good,B+,accepted
43ecdba993f30106,2026-07-14,2026-07-15T00:00:00Z,Betr,betr,Drake Baldwin,hitter_runs,Under,0.5,-100,0.577,0.6324915190350546,0.0,0.3675084809649453,-172.0,empirical_holdout_residuals,5296.0,0.5737119762932098,calculated,,2026-07-14T21:35:03Z,0.5,0.1324915190350546,drake baldwin,National League All-Stars,American League All-Stars,0.5,0.5,0.07699999999999996,0.13249151903505463,0.26498303807010926,0.26498303807010926,0.025,True,True,0.59,Good,B+,accepted
43ecdba993f30106,2026-07-14,2026-07-15T00:00:00Z,Betr,betr,Ernie Clement,hitter_runs,Under,0.5,-100,0.56,0.6324915190350546,0.0,0.3675084809649453,-172.0,empirical_holdout_residuals,5296.0,0.5737119762932098,calculated,,2026-07-14T21:35:03Z,0.5,0.1324915190350546,ernie clement,American League All-Stars,National League All-Stars,0.5,0.5,0.06000000000000005,0.13249151903505463,0.26498303807010926,0.26498303807010926,0.025,True,True,0.59,Good,B+,accepted
43ecdba993f30106,2026-07-14,2026-07-15T00:00:00Z,Betr,betr,Freddie Freeman,hitter_runs,Under,0.5,-100,0.505,0.6324915190350546,0.0,0.3675084809649453,-172.0,empirical_holdout_residuals,5296.0,0.5737119762932098,calculated,,2026-07-14T21:35:03Z,0.5,0.1324915190350546,freddie freeman,National League All-Stars,American League All-Stars,0.5,0.5,0.0050000000000000044,0.13249151903505463,0.26498303807010926,0.26498303807010926,0.025,True,True,0.59,Good,B+,accepted
43ecdba993f30106,2026-07-14,2026-07-15T00:00:00Z,Betr,betr,Juan Soto,hitter_runs,Under,0.5,-100,0.589,0.6324915190350546,0.0,0.3675084809649453,-172.0,empirical_holdout_residuals,5296.0,0.5737119762932098,calculated,,2026-07-14T21:35:03Z,0.5,0.1324915190350546,juan soto,National League All-Stars,American League All-Stars,0.5,0.5,0.08899999999999997,0.13249151903505463,0.26498303807010926,0.26498303807010926,0.025,True,True,0.59,Good,B+,accepted
43ecdba993f30106,2026-07-14,2026-07-15T00:00:00Z,Betr,betr,Max Muncy,hitter_runs,Under,0.5,-100,0.509,0.6324915190350546,0.0,0.3675084809649453,-172.0,empirical_holdout_residuals,5296.0,0.5737119762932098,calculated,,2026-07-14T21:35:03Z,0.5,0.1324915190350546,max muncy,National League All-Stars,American League All-Stars,0.5,0.5,0.009000000000000008,0.13249151903505463,0.26498303807010926,0.26498303807010926,0.025,True,True,0.59,Good,B+,accepted
43ecdba993f30106,2026-07-14,2026-07-15T00:00:00Z,Betr,betr,Ozzie Albies,hitter_runs,Under,0.5,-100,0.533,0.6324915190350546,0.0,0.3675084809649453,-172.0,empirical_holdout_residuals,5296.0,0.5737119762932098,calculated,,2026-07-14T21:35:03Z,0.5,0.1324915190350546,ozzie albies,National League All-Stars,American League All-Stars,0.5,0.5,0.03300000000000003,0.13249151903505463,0.26498303807010926,0.26498303807010926,0.025,True,True,0.59,Good,B+,accepted
43ecdba993f30106,2026-07-14,2026-07-15T00:00:00Z,Betr,betr,Riley Greene,hitter_runs,Under,0.5,-100,0.578,0.6324915190350546,0.0,0.3675084809649453,-172.0,empirical_holdout_residuals,5296.0,0.5737119762932098,calculated,,2026-07-14T21:35:03Z,0.5,0.1324915190350546,riley greene,American League All-Stars,National League All-Stars,0.5,0.5,0.07799999999999996,0.13249151903505463,0.26498303807010926,0.26498303807010926,0.025,True,True,0.59,Good,B+,accepted
43ecdba993f30106,2026-07-14,2026-07-15T00:00:00Z,Betr,betr,Shea Langeliers,hitter_runs,Under,0.5,-100,0.547,0.6324915190350546,0.0,0.3675084809649453,-172.0,empirical_holdout_residuals,5296.0,0.5737119762932098,calculated,,2026-07-14T21:35:03Z,0.5,0.1324915190350546,shea langeliers,American League All-Stars,National League All-Stars,0.5,0.5,0.04700000000000004,0.13249151903505463,0.26498303807010926,0.26498303807010926,0.025,True,True,0.59,Good,B+,accepted
43ecdba993f30106,2026-07-14,2026-07-15T00:00:00Z,Betr,betr,Yordan Alvarez,hitter_runs,Under,0.5,-100,0.573,0.6324915190350546,0.0,0.3675084809649453,-172.0,empirical_holdout_residuals,5296.0,0.5737119762932098,calculated,,2026-07-14T21:35:03Z,0.5,0.1324915190350546,yordan alvarez,American League All-Stars,National League All-Stars,0.5,0.5,0.07299999999999995,0.13249151903505463,0.26498303807010926,0.26498303807010926,0.025,True,True,0.59,Good,B+,accepted
43ecdba993f30106,2026-07-14,2026-07-15T00:00:00Z,Betr,betr,Kyle Schwarber,hitter_runs,Under,0.5,-100,0.644,0.6323030531473803,0.0,0.3676969468526196,-172.0,empirical_holdout_residuals,5296.0,0.5737119762932098,calculated,,2026-07-14T21:35:03Z,0.5,0.1323030531473803,kyle schwarber,National League All-Stars,American League All-Stars,0.5,0.5,0.14400000000000002,0.13230305314738033,0.26460610629476067,0.26460610629476067,0.025,True,True,0.59,Good,B+,accepted
43ecdba993f30106,2026-07-14,2026-07-15T00:00:00Z,Betr,betr,Mike Trout,hitter_runs,Under,0.5,-100,0.632,0.6323030531473803,0.0,0.3676969468526196,-172.0,empirical_holdout_residuals,5296.0,0.5737119762932098,calculated,,2026-07-14T21:35:03Z,0.5,0.1323030531473803,mike trout,American League All-Stars,National League All-Stars,0.5,0.5,0.132,0.13230305314738033,0.26460610629476067,0.26460610629476067,0.025,True,True,0.59,Good,B+,accepted
43ecdba993f30106,2026-07-14,2026-07-15T00:00:00Z,Betr,betr,Junior Caminero,hitter_runs,Under,0.5,-100,0.677,0.6317376554843573,0.0,0.3682623445156426,-172.0,empirical_holdout_residuals,5296.0,0.5737119762932098,calculated,,2026-07-14T21:35:03Z,0.5,0.1317376554843573,junior caminero,American League All-Stars,National League All-Stars,0.5,0.5,0.17700000000000005,0.13173765548435734,0.2634753109687147,0.2634753109687147,0.025,True,True,0.59,Good,B+,accepted
4fc97005be92a4ea,2026-07-14,2026-07-15T00:00:00Z,FanDuel,fanduel,Andy Pages,hitter_hits,Over,0.5,125,0.952,0.5729362985299661,0.0,0.4270637014700339,-134.0,empirical_holdout_residuals,5296.0,0.6828175361832036,calculated,,2026-07-14T21:35:03Z,0.4444444444444444,0.1284918540855216,andy pages,National League All-Stars,American League All-Stars,,0.4444444444444444,0.45199999999999996,0.12849185408552166,0.28910667169242366,0.2312853373539389,0.025,True,True,0.58,Playable,B,probability_below_threshold
4fc97005be92a4ea,2026-07-14,2026-07-15T00:00:00Z,FanDuel,fanduel,Brandon Marsh,hitter_hits,Over,0.5,125,0.932,0.5718055032039201,0.0,0.4281944967960799,-134.0,empirical_holdout_residuals,5296.0,0.6828175361832036,calculated,,2026-07-14T21:35:03Z,0.4444444444444444,0.1273610587594756,brandon marsh,National League All-Stars,American League All-Stars,,0.4444444444444444,0.43200000000000005,0.12736105875947568,0.28656238220882024,0.2292499057670562,0.025,True,True,0.58,Playable,B,probability_below_threshold
4fc97005be92a4ea,2026-07-14,2026-07-15T00:00:00Z,FanDuel,fanduel,Juan Soto,hitter_hits,Over,0.5,125,0.908,0.5708631737655484,0.0,0.4291368262344515,-133.0,empirical_holdout_residuals,5296.0,0.6828175361832036,calculated,,2026-07-14T21:35:03Z,0.4444444444444444,0.1264187293211039,juan soto,National League All-Stars,American League All-Stars,,0.4444444444444444,0.40800000000000003,0.12641872932110398,0.2844421409724839,0.2275537127779871,0.025,True,True,0.58,Playable,B,probability_below_threshold
43ecdba993f30106,2026-07-14,2026-07-15T00:00:00Z,Betr,betr,Juan Soto,hitter_total_bases,Over,0.5,100,1.505,0.6219374293252922,0.0,0.3780625706747079,-165.0,empirical_holdout_residuals,5296.0,1.3495235930554277,calculated,,2026-07-14T21:35:03Z,0.5,0.1219374293252921,juan soto,National League All-Stars,American League All-Stars,0.5,0.5,1.005,0.12193742932529217,0.24387485865058434,0.24387485865058434,0.025,True,True,0.58,Good,B+,accepted
4fc97005be92a4ea,2026-07-14,2026-07-15T00:00:00Z,FanDuel,fanduel,Drake Baldwin,hitter_hits,Over,0.5,120,0.977,0.5759517527327553,0.0,0.4240482472672446,-136.0,empirical_holdout_residuals,5296.0,0.6828175361832036,calculated,,2026-07-14T21:35:03Z,0.45454545454545453,0.1214062981873008,drake baldwin,National League All-Stars,American League All-Stars,,0.45454545454545453,0.477,0.12140629818730081,0.2670938560120617,0.22257821334338476,0.025,True,True,0.58,Playable,B,probability_below_threshold
4fc97005be92a4ea,2026-07-14,2026-07-15T00:00:00Z,FanDuel,fanduel,Yordan Alvarez,hitter_hits,Over,0.5,120,0.946,0.5727478326422918,0.0,0.4272521673577082,-134.0,empirical_holdout_residuals,5296.0,0.6828175361832036,calculated,,2026-07-14T21:35:03Z,0.45454545454545453,0.1182023780968372,yordan alvarez,American League All-Stars,National League All-Stars,,0.45454545454545453,0.44599999999999995,0.11820237809683726,0.26004523181304195,0.21670435984420164,0.025,True,True,0.58,Playable,B,probability_below_threshold
4fc97005be92a4ea,2026-07-14,2026-07-15T00:00:00Z,FanDuel,fanduel,Bobby Witt,hitter_hits,Over,0.5,110,1.059,0.5923482849604221,0.0,0.4076517150395778,-145.0,empirical_holdout_residuals,5296.0,0.6828175361832036,calculated,,2026-07-14T21:35:03Z,0.47619047619047616,0.1161578087699459,bobby witt,American League All-Stars,National League All-Stars,,0.47619047619047616,0.5589999999999999,0.11615780876994597,0.2439313984168865,0.22175581674262407,0.025,True,True,0.58,Playable,B,accepted
4fc97005be92a4ea,2026-07-14,2026-07-15T00:00:00Z,FanDuel,fanduel,Junior Caminero,hitter_hits,Over,0.5,115,0.936,0.5718055032039201,0.0,0.4281944967960799,-134.0,empirical_holdout_residuals,5296.0,0.6828175361832036,calculated,,2026-07-14T21:35:03Z,0.46511627906976744,0.1066892241341526,junior caminero,American League All-Stars,National League All-Stars,,0.46511627906976744,0.43600000000000005,0.10668922413415266,0.2293818318884282,0.1994624625116767,0.025,True,True,0.58,Playable,B,probability_below_threshold
4fc97005be92a4ea,2026-07-14,2026-07-15T00:00:00Z,FanDuel,fanduel,Ozzie Albies,hitter_hits,Over,0.5,115,0.933,0.5718055032039201,0.0,0.4281944967960799,-134.0,empirical_holdout_residuals,5296.0,0.6828175361832036,calculated,,2026-07-14T21:35:03Z,0.46511627906976744,0.1066892241341526,ozzie albies,National League All-Stars,American League All-Stars,,0.46511627906976744,0.43300000000000005,0.10668922413415266,0.2293818318884282,0.1994624625116767,0.025,True,True,0.58,Playable,B,probability_below_threshold
4fc97005be92a4ea,2026-07-14,2026-07-15T00:00:00Z,FanDuel,fanduel,Ernie Clement,hitter_runs,Over,0.5,280,0.56,0.3675084809649453,0.0,0.6324915190350546,172.0,empirical_holdout_residuals,5296.0,0.5737119762932098,calculated,,2026-07-14T21:35:03Z,0.2631578947368421,0.1043505862281032,ernie clement,American League All-Stars,National League All-Stars,,0.2631578947368421,0.06000000000000005,0.10435058622810323,0.3965322276667922,0.1416186527381401,0.025,True,True,0.59,PASS,PASS,probability_below_threshold
4fc97005be92a4ea,2026-07-14,2026-07-15T00:00:00Z,FanDuel,fanduel,Kyle Schwarber,hitter_hits,Over,0.5,110,0.985,0.5770825480588013,0.0,0.4229174519411986,-136.0,empirical_holdout_residuals,5296.0,0.6828175361832036,calculated,,2026-07-14T21:35:03Z,0.47619047619047616,0.1008920718683251,kyle schwarber,National League All-Stars,American League All-Stars,,0.47619047619047616,0.485,0.10089207186832516,0.2118733509234828,0.19261213720316617,0.025,True,True,0.58,Playable,B,probability_below_threshold
43ecdba993f30106,2026-07-14,2026-07-15T00:00:00Z,Betr,betr,Cody Bellinger,hitter_hits,Over,0.5,100,1.063,0.5934790802864681,0.0,0.4065209197135318,-146.0,empirical_holdout_residuals,5296.0,0.6828175361832036,calculated,,2026-07-14T21:35:03Z,0.5,0.0934790802864681,cody bellinger,American League All-Stars,National League All-Stars,0.5,0.5,0.563,0.09347908028646812,0.18695816057293624,0.18695816057293624,0.025,True,True,0.58,Playable,B,accepted
43ecdba993f30106,2026-07-14,2026-07-15T00:00:00Z,Betr,betr,Bobby Witt Jr.,hitter_hits,Over,0.5,100,1.059,0.5923482849604221,0.0,0.4076517150395778,-145.0,empirical_holdout_residuals,5296.0,0.6828175361832036,calculated,,2026-07-14T21:35:03Z,0.5,0.0923482849604221,bobby witt,American League All-Stars,National League All-Stars,0.5,0.5,0.5589999999999999,0.09234828496042213,0.18469656992084427,0.18469656992084427,0.025,True,True,0.58,Playable,B,accepted
4fc97005be92a4ea,2026-07-14,2026-07-15T00:00:00Z,FanDuel,fanduel,Shea Langeliers,hitter_hits,Over,0.5,105,0.942,0.5727478326422918,0.0,0.4272521673577082,-134.0,empirical_holdout_residuals,5296.0,0.6828175361832036,calculated,,2026-07-14T21:35:03Z,0.4878048780487805,0.0849429545935113,shea langeliers,American League All-Stars,National League All-Stars,,0.4878048780487805,0.44199999999999995,0.08494295459351131,0.17413305691669823,0.16584100658733164,0.025,True,True,0.58,Playable,B,probability_below_threshold
43ecdba993f30106,2026-07-14,2026-07-15T00:00:00Z,Betr,betr,Ernie Clement,hitter_hits,Over,0.5,100,1.027,0.5838673200150772,0.0,0.4161326799849227,-140.0,empirical_holdout_residuals,5296.0,0.6828175361832036,calculated,,2026-07-14T21:35:03Z,0.5,0.0838673200150772,ernie clement,American League All-Stars,National League All-Stars,0.5,0.5,0.5269999999999999,0.08386732001507724,0.16773464003015448,0.16773464003015448,0.025,True,True,0.58,Playable,B,accepted
43ecdba993f30106,2026-07-14,2026-07-15T00:00:00Z,Betr,betr,Freddie Freeman,hitter_hits,Over,0.5,100,0.996,0.5795326045985677,0.0,0.4204673954014323,-138.0,empirical_holdout_residuals,5296.0,0.6828175361832036,calculated,,2026-07-14T21:35:03Z,0.5,0.0795326045985677,freddie freeman,National League All-Stars,American League All-Stars,0.5,0.5,0.496,0.0795326045985677,0.1590652091971354,0.1590652091971354,0.025,True,True,0.58,Playable,B,probability_below_threshold
43ecdba993f30106,2026-07-14,2026-07-15T00:00:00Z,Betr,betr,Kyle Schwarber,hitter_hits,Over,0.5,100,0.985,0.5770825480588013,0.0,0.4229174519411986,-136.0,empirical_holdout_residuals,5296.0,0.6828175361832036,calculated,,2026-07-14T21:35:03Z,0.5,0.0770825480588013,kyle schwarber,National League All-Stars,American League All-Stars,0.5,0.5,0.485,0.07708254805880133,0.15416509611760265,0.15416509611760265,0.025,True,True,0.58,Playable,B,probability_below_threshold
43ecdba993f30106,2026-07-14,2026-07-15T00:00:00Z,Betr,betr,Mike Trout,hitter_hits,Over,0.5,100,0.985,0.5770825480588013,0.0,0.4229174519411986,-136.0,empirical_holdout_residuals,5296.0,0.6828175361832036,calculated,,2026-07-14T21:35:03Z,0.5,0.0770825480588013,mike trout,American League All-Stars,National League All-Stars,0.5,0.5,0.485,0.07708254805880133,0.15416509611760265,0.15416509611760265,0.025,True,True,0.58,Playable,B,probability_below_threshold
43ecdba993f30106,2026-07-14,2026-07-15T00:00:00Z,Betr,betr,CJ Abrams,hitter_hits,Over,0.5,100,0.982,0.5765171503957783,0.0,0.4234828496042216,-136.0,empirical_holdout_residuals,5296.0,0.6828175361832036,calculated,,2026-07-14T21:35:03Z,0.5,0.0765171503957783,cj abrams,National League All-Stars,American League All-Stars,0.5,0.5,0.482,0.07651715039577833,0.15303430079155667,0.15303430079155667,0.025,True,True,0.58,Playable,B,probability_below_threshold
43ecdba993f30106,2026-07-14,2026-07-15T00:00:00Z,Betr,betr,Drake Baldwin,hitter_hits,Over,0.5,100,0.977,0.5759517527327553,0.0,0.4240482472672446,-136.0,empirical_holdout_residuals,5296.0,0.6828175361832036,calculated,,2026-07-14T21:35:03Z,0.5,0.0759517527327553,drake baldwin,National League All-Stars,American League All-Stars,0.5,0.5,0.477,0.07595175273275534,0.15190350546551068,0.15190350546551068,0.025,True,True,0.58,Playable,B,probability_below_threshold
4fc97005be92a4ea,2026-07-14,2026-07-15T00:00:00Z,FanDuel,fanduel,Cody Bellinger,hitter_runs,Over,0.5,240,0.514,0.3675084809649453,0.0,0.6324915190350546,172.0,empirical_holdout_residuals,5296.0,0.5737119762932098,calculated,,2026-07-14T21:35:03Z,0.29411764705882354,0.0733908339061218,cody bellinger,American League All-Stars,National League All-Stars,,0.29411764705882354,0.014000000000000012,0.07339083390612178,0.24952883528081415,0.10397034803367257,0.025,True,True,0.59,PASS,PASS,probability_below_threshold
43ecdba993f30106,2026-07-14,2026-07-15T00:00:00Z,Betr,betr,Andy Pages,hitter_hits,Over,0.5,100,0.952,0.5729362985299661,0.0,0.4270637014700339,-134.0,empirical_holdout_residuals,5296.0,0.6828175361832036,calculated,,2026-07-14T21:35:03Z,0.5,0.072936298529966,andy pages,National League All-Stars,American League All-Stars,0.5,0.5,0.45199999999999996,0.07293629852996608,0.14587259705993216,0.14587259705993216,0.025,True,True,0.58,Playable,B,probability_below_threshold
43ecdba993f30106,2026-07-14,2026-07-15T00:00:00Z,Betr,betr,Riley Greene,hitter_hits,Over,0.5,100,0.943,0.5727478326422918,0.0,0.4272521673577082,-134.0,empirical_holdout_residuals,5296.0,0.6828175361832036,calculated,,2026-07-14T21:35:03Z,0.5,0.0727478326422917,riley greene,American League All-Stars,National League All-Stars,0.5,0.5,0.44299999999999995,0.07274783264229179,0.14549566528458358,0.14549566528458358,0.025,True,True,0.58,Playable,B,probability_below_threshold
43ecdba993f30106,2026-07-14,2026-07-15T00:00:00Z,Betr,betr,Shea Langeliers,hitter_hits,Over,0.5,100,0.942,0.5727478326422918,0.0,0.4272521673577082,-134.0,empirical_holdout_residuals,5296.0,0.6828175361832036,calculated,,2026-07-14T21:35:03Z,0.5,0.0727478326422917,shea langeliers,American League All-Stars,National League All-Stars,0.5,0.5,0.44199999999999995,0.07274783264229179,0.14549566528458358,0.14549566528458358,0.025,True,True,0.58,Playable,B,probability_below_threshold
43ecdba993f30106,2026-07-14,2026-07-15T00:00:00Z,Betr,betr,Yordan Alvarez,hitter_hits,Over,0.5,100,0.946,0.5727478326422918,0.0,0.4272521673577082,-134.0,empirical_holdout_residuals,5296.0,0.6828175361832036,calculated,,2026-07-14T21:35:03Z,0.5,0.0727478326422917,yordan alvarez,American League All-Stars,National League All-Stars,0.5,0.5,0.44599999999999995,0.07274783264229179,0.14549566528458358,0.14549566528458358,0.025,True,True,0.58,Playable,B,probability_below_threshold
43ecdba993f30106,2026-07-14,2026-07-15T00:00:00Z,Betr,betr,Brandon Marsh,hitter_hits,Over,0.5,100,0.932,0.5718055032039201,0.0,0.4281944967960799,-134.0,empirical_holdout_residuals,5296.0,0.6828175361832036,calculated,,2026-07-14T21:35:03Z,0.5,0.0718055032039201,brandon marsh,National League All-Stars,American League All-Stars,0.5,0.5,0.43200000000000005,0.0718055032039201,0.1436110064078402,0.1436110064078402,0.025,True,True,0.58,Playable,B,probability_below_threshold
43ecdba993f30106,2026-07-14,2026-07-15T00:00:00Z,Betr,betr,Junior Caminero,hitter_hits,Over,0.5,100,0.936,0.5718055032039201,0.0,0.4281944967960799,-134.0,empirical_holdout_residuals,5296.0,0.6828175361832036,calculated,,2026-07-14T21:35:03Z,0.5,0.0718055032039201,junior caminero,American League All-Stars,National League All-Stars,0.5,0.5,0.43600000000000005,0.0718055032039201,0.1436110064078402,0.1436110064078402,0.025,True,True,0.58,Playable,B,probability_below_threshold
43ecdba993f30106,2026-07-14,2026-07-15T00:00:00Z,Betr,betr,Ozzie Albies,hitter_hits,Over,0.5,100,0.933,0.5718055032039201,0.0,0.4281944967960799,-134.0,empirical_holdout_residuals,5296.0,0.6828175361832036,calculated,,2026-07-14T21:35:03Z,0.5,0.0718055032039201,ozzie albies,National League All-Stars,American League All-Stars,0.5,0.5,0.43300000000000005,0.0718055032039201,0.1436110064078402,0.1436110064078402,0.025,True,True,0.58,Playable,B,probability_below_threshold
43ecdba993f30106,2026-07-14,2026-07-15T00:00:00Z,Betr,betr,Juan Soto,hitter_hits,Over,0.5,100,0.908,0.5708631737655484,0.0,0.4291368262344515,-133.0,empirical_holdout_residuals,5296.0,0.6828175361832036,calculated,,2026-07-14T21:35:03Z,0.5,0.0708631737655484,juan soto,National League All-Stars,American League All-Stars,0.5,0.5,0.40800000000000003,0.0708631737655484,0.1417263475310968,0.1417263475310968,0.025,True,True,0.58,Playable,B,probability_below_threshold
43ecdba993f30106,2026-07-14,2026-07-15T00:00:00Z,Betr,betr,Ben Rice,hitter_hits,Over,0.5,100,0.881,0.5693554466641538,0.0,0.4306445533358462,-132.0,empirical_holdout_residuals,5296.0,0.6828175361832036,calculated,,2026-07-14T21:35:03Z,0.5,0.0693554466641538,ben rice,American League All-Stars,National League All-Stars,0.5,0.5,0.381,0.06935544666415383,0.13871089332830766,0.13871089332830766,0.025,True,True,0.58,Playable,B,probability_below_threshold
43ecdba993f30106,2026-07-14,2026-07-15T00:00:00Z,Betr,betr,Max Muncy,hitter_hits,Over,0.5,100,0.812,0.5674707877874104,0.0,0.4325292122125895,-131.0,empirical_holdout_residuals,5296.0,0.6828175361832036,calculated,,2026-07-14T21:35:03Z,0.5,0.0674707877874104,max muncy,National League All-Stars,American League All-Stars,0.5,0.5,0.31200000000000006,0.06747078778741045,0.1349415755748209,0.1349415755748209,0.025,True,True,0.58,Playable,B,probability_below_threshold
4fc97005be92a4ea,2026-07-14,2026-07-15T00:00:00Z,FanDuel,fanduel,Riley Greene,hitter_runs,Over,0.5,230,0.578,0.3675084809649453,0.0,0.6324915190350546,172.0,empirical_holdout_residuals,5296.0,0.5737119762932098,calculated,,2026-07-14T21:35:03Z,0.30303030303030304,0.0644781779346423,riley greene,American League All-Stars,National League All-Stars,,0.30303030303030304,0.07799999999999996,0.06447817793464228,0.2127779871843195,0.09251216834100849,0.023128042085252123,True,True,0.59,PASS,PASS,probability_below_threshold
4fc97005be92a4ea,2026-07-14,2026-07-15T00:00:00Z,FanDuel,fanduel,Bobby Witt,hitter_runs,Over,0.5,220,0.585,0.3675084809649453,0.0,0.6324915190350546,172.0,empirical_holdout_residuals,5296.0,0.5737119762932098,calculated,,2026-07-14T21:35:03Z,0.3125,0.0550084809649453,bobby witt,American League All-Stars,National League All-Stars,,0.3125,0.08499999999999996,0.05500848096494532,0.17602713908782508,0.08001233594901139,0.020003083987252847,True,True,0.59,PASS,PASS,probability_below_threshold
4fc97005be92a4ea,2026-07-14,2026-07-15T00:00:00Z,FanDuel,fanduel,Freddie Freeman,hitter_runs,Over,0.5,220,0.505,0.3675084809649453,0.0,0.6324915190350546,172.0,empirical_holdout_residuals,5296.0,0.5737119762932098,calculated,,2026-07-14T21:35:03Z,0.3125,0.0550084809649453,freddie freeman,National League All-Stars,American League All-Stars,,0.3125,0.0050000000000000044,0.05500848096494532,0.17602713908782508,0.08001233594901139,0.020003083987252847,True,True,0.59,PASS,PASS,probability_below_threshold
4fc97005be92a4ea,2026-07-14,2026-07-15T00:00:00Z,FanDuel,fanduel,Andy Pages,hitter_runs,Over,0.5,210,0.606,0.3675084809649453,0.0,0.6324915190350546,172.0,empirical_holdout_residuals,5296.0,0.5737119762932098,calculated,,2026-07-14T21:35:03Z,0.3225806451612903,0.044927835803655,andy pages,National League All-Stars,American League All-Stars,,0.3225806451612903,0.10599999999999998,0.044927835803655,0.13927629099133054,0.06632204332920502,0.016580510832301255,True,True,0.59,PASS,PASS,probability_below_threshold
4fc97005be92a4ea,2026-07-14,2026-07-15T00:00:00Z,FanDuel,fanduel,Brandon Marsh,hitter_runs,Over,0.5,210,0.56,0.3675084809649453,0.0,0.6324915190350546,172.0,empirical_holdout_residuals,5296.0,0.5737119762932098,calculated,,2026-07-14T21:35:03Z,0.3225806451612903,0.044927835803655,brandon marsh,National League All-Stars,American League All-Stars,,0.3225806451612903,0.06000000000000005,0.044927835803655,0.13927629099133054,0.06632204332920502,0.016580510832301255,True,True,0.59,PASS,PASS,probability_below_threshold
4fc97005be92a4ea,2026-07-14,2026-07-15T00:00:00Z,FanDuel,fanduel,Ben Rice,hitter_runs,Over,0.5,200,0.544,0.3675084809649453,0.0,0.6324915190350546,172.0,empirical_holdout_residuals,5296.0,0.5737119762932098,calculated,,2026-07-14T21:35:03Z,0.3333333333333333,0.034175147631612,ben rice,American League All-Stars,National League All-Stars,,0.3333333333333333,0.04400000000000004,0.034175147631612,0.102525442894836,0.051262721447418,0.0128156803618545,True,True,0.59,PASS,PASS,probability_below_threshold
4fc97005be92a4ea,2026-07-14,2026-07-15T00:00:00Z,FanDuel,fanduel,Ozzie Albies,hitter_runs,Over,0.5,200,0.533,0.3675084809649453,0.0,0.6324915190350546,172.0,empirical_holdout_residuals,5296.0,0.5737119762932098,calculated,,2026-07-14T21:35:03Z,0.3333333333333333,0.034175147631612,ozzie albies,National League All-Stars,American League All-Stars,,0.3333333333333333,0.03300000000000003,0.034175147631612,0.102525442894836,0.051262721447418,0.0128156803618545,True,True,0.59,PASS,PASS,probability_below_threshold
4fc97005be92a4ea,2026-07-14,2026-07-15T00:00:00Z,FanDuel,fanduel,Shea Langeliers,hitter_runs,Over,0.5,200,0.547,0.3675084809649453,0.0,0.6324915190350546,172.0,empirical_holdout_residuals,5296.0,0.5737119762932098,calculated,,2026-07-14T21:35:03Z,0.3333333333333333,0.034175147631612,shea langeliers,American League All-Stars,National League All-Stars,,0.3333333333333333,0.04700000000000004,0.034175147631612,0.102525442894836,0.051262721447418,0.0128156803618545,True,True,0.59,PASS,PASS,probability_below_threshold
4fc97005be92a4ea,2026-07-14,2026-07-15T00:00:00Z,FanDuel,fanduel,Drake Baldwin,hitter_runs,Over,0.5,195,0.577,0.3675084809649453,0.0,0.6324915190350546,172.0,empirical_holdout_residuals,5296.0,0.5737119762932098,calculated,,2026-07-14T21:35:03Z,0.3389830508474576,0.0285254301174877,drake baldwin,National League All-Stars,American League All-Stars,,0.3389830508474576,0.07699999999999996,0.028525430117487705,0.08415001884658868,0.04315385581876343,0.010788463954690857,True,True,0.59,PASS,PASS,probability_below_threshold
4fc97005be92a4ea,2026-07-14,2026-07-15T00:00:00Z,FanDuel,fanduel,Max Muncy,hitter_runs,Over,0.5,195,0.509,0.3675084809649453,0.0,0.6324915190350546,172.0,empirical_holdout_residuals,5296.0,0.5737119762932098,calculated,,2026-07-14T21:35:03Z,0.3389830508474576,0.0285254301174877,max muncy,National League All-Stars,American League All-Stars,,0.3389830508474576,0.009000000000000008,0.028525430117487705,0.08415001884658868,0.04315385581876343,0.010788463954690857,True,True,0.59,PASS,PASS,probability_below_threshold
4fc97005be92a4ea,2026-07-14,2026-07-15T00:00:00Z,FanDuel,fanduel,Junior Caminero,hitter_runs,Over,0.5,190,0.677,0.3682623445156426,0.0,0.6317376554843573,172.0,empirical_holdout_residuals,5296.0,0.5737119762932098,calculated,,2026-07-14T21:35:03Z,0.3448275862068966,0.023434758308746,junior caminero,American League All-Stars,National League All-Stars,,0.3448275862068966,0.17700000000000005,0.02343475830874603,0.06796079909536346,0.03576884162913866,0.008942210407284665,True,True,0.59,PASS,PASS,probability_below_threshold
4fc97005be92a4ea,2026-07-14,2026-07-15T00:00:00Z,FanDuel,fanduel,Yordan Alvarez,hitter_runs,Over,0.5,175,0.573,0.3675084809649453,0.0,0.6324915190350546,172.0,empirical_holdout_residuals,5296.0,0.5737119762932098,calculated,,2026-07-14T21:35:03Z,0.36363636363636365,0.0038721173285817,yordan alvarez,American League All-Stars,National League All-Stars,,0.36363636363636365,0.07299999999999995,0.00387211732858167,0.010648322653599718,0.0060847558020569814,0.0015211889505142454,True,True,0.59,PASS,PASS,probability_below_threshold
4fc97005be92a4ea,2026-07-14,2026-07-15T00:00:00Z,FanDuel,fanduel,Mike Trout,hitter_runs,Over,0.5,165,0.632,0.3676969468526196,0.0,0.6323030531473803,172.0,empirical_holdout_residuals,5296.0,0.5737119762932098,calculated,,2026-07-14T21:35:03Z,0.37735849056603776,-0.009661543713418,mike trout,American League All-Stars,National League All-Stars,,0.37735849056603776,0.132,-0.009661543713418153,-0.025603090840558007,0.0,0.0,True,True,0.59,PASS,PASS,probability_below_threshold
4fc97005be92a4ea,2026-07-14,2026-07-15T00:00:00Z,FanDuel,fanduel,Juan Soto,hitter_runs,Over,0.5,140,0.589,0.3675084809649453,0.0,0.6324915190350546,172.0,empirical_holdout_residuals,5296.0,0.5737119762932098,calculated,,2026-07-14T21:35:03Z,0.4166666666666667,-0.0491581857017213,juan soto,National League All-Stars,American League All-Stars,,0.4166666666666667,0.08899999999999997,-0.04915818570172137,-0.11797964568413122,0.0,0.0,True,True,0.59,PASS,PASS,probability_below_threshold
43ecdba993f30106,2026-07-14,2026-07-15T00:00:00Z,Betr,betr,Max Muncy,hitter_hits,Under,0.5,-100,0.812,0.4325292122125895,0.0,0.5674707877874104,131.0,empirical_holdout_residuals,5296.0,0.6828175361832036,calculated,,2026-07-14T21:35:03Z,0.5,-0.0674707877874105,max muncy,National League All-Stars,American League All-Stars,0.5,0.5,0.31200000000000006,-0.0674707877874105,-0.13494157557482106,0.0,0.0,True,True,0.58,PASS,PASS,probability_below_threshold
43ecdba993f30106,2026-07-14,2026-07-15T00:00:00Z,Betr,betr,Ben Rice,hitter_hits,Under,0.5,-100,0.881,0.4306445533358462,0.0,0.5693554466641538,132.0,empirical_holdout_residuals,5296.0,0.6828175361832036,calculated,,2026-07-14T21:35:03Z,0.5,-0.0693554466641537,ben rice,American League All-Stars,National League All-Stars,0.5,0.5,0.381,-0.06935544666415377,-0.1387108933283075,0.0,0.0,True,True,0.58,PASS,PASS,probability_below_threshold
43ecdba993f30106,2026-07-14,2026-07-15T00:00:00Z,Betr,betr,Juan Soto,hitter_hits,Under,0.5,-100,0.908,0.4291368262344515,0.0,0.5708631737655484,133.0,empirical_holdout_residuals,5296.0,0.6828175361832036,calculated,,2026-07-14T21:35:03Z,0.5,-0.0708631737655484,juan soto,National League All-Stars,American League All-Stars,0.5,0.5,0.40800000000000003,-0.07086317376554851,-0.14172634753109703,0.0,0.0,True,True,0.58,PASS,PASS,probability_below_threshold
43ecdba993f30106,2026-07-14,2026-07-15T00:00:00Z,Betr,betr,Brandon Marsh,hitter_hits,Under,0.5,-100,0.932,0.4281944967960799,0.0,0.5718055032039201,134.0,empirical_holdout_residuals,5296.0,0.6828175361832036,calculated,,2026-07-14T21:35:03Z,0.5,-0.0718055032039201,brandon marsh,National League All-Stars,American League All-Stars,0.5,0.5,0.43200000000000005,-0.0718055032039201,-0.1436110064078402,0.0,0.0,True,True,0.58,PASS,PASS,probability_below_threshold
43ecdba993f30106,2026-07-14,2026-07-15T00:00:00Z,Betr,betr,Junior Caminero,hitter_hits,Under,0.5,-100,0.936,0.4281944967960799,0.0,0.5718055032039201,134.0,empirical_holdout_residuals,5296.0,0.6828175361832036,calculated,,2026-07-14T21:35:03Z,0.5,-0.0718055032039201,junior caminero,American League All-Stars,National League All-Stars,0.5,0.5,0.43600000000000005,-0.0718055032039201,-0.1436110064078402,0.0,0.0,True,True,0.58,PASS,PASS,probability_below_threshold
43ecdba993f30106,2026-07-14,2026-07-15T00:00:00Z,Betr,betr,Ozzie Albies,hitter_hits,Under,0.5,-100,0.933,0.4281944967960799,0.0,0.5718055032039201,134.0,empirical_holdout_residuals,5296.0,0.6828175361832036,calculated,,2026-07-14T21:35:03Z,0.5,-0.0718055032039201,ozzie albies,National League All-Stars,American League All-Stars,0.5,0.5,0.43300000000000005,-0.0718055032039201,-0.1436110064078402,0.0,0.0,True,True,0.58,PASS,PASS,probability_below_threshold
43ecdba993f30106,2026-07-14,2026-07-15T00:00:00Z,Betr,betr,Riley Greene,hitter_hits,Under,0.5,-100,0.943,0.4272521673577082,0.0,0.5727478326422918,134.0,empirical_holdout_residuals,5296.0,0.6828175361832036,calculated,,2026-07-14T21:35:03Z,0.5,-0.0727478326422917,riley greene,American League All-Stars,National League All-Stars,0.5,0.5,0.44299999999999995,-0.07274783264229179,-0.14549566528458358,0.0,0.0,True,True,0.58,PASS,PASS,probability_below_threshold
43ecdba993f30106,2026-07-14,2026-07-15T00:00:00Z,Betr,betr,Shea Langeliers,hitter_hits,Under,0.5,-100,0.942,0.4272521673577082,0.0,0.5727478326422918,134.0,empirical_holdout_residuals,5296.0,0.6828175361832036,calculated,,2026-07-14T21:35:03Z,0.5,-0.0727478326422917,shea langeliers,American League All-Stars,National League All-Stars,0.5,0.5,0.44199999999999995,-0.07274783264229179,-0.14549566528458358,0.0,0.0,True,True,0.58,PASS,PASS,probability_below_threshold
43ecdba993f30106,2026-07-14,2026-07-15T00:00:00Z,Betr,betr,Yordan Alvarez,hitter_hits,Under,0.5,-100,0.946,0.4272521673577082,0.0,0.5727478326422918,134.0,empirical_holdout_residuals,5296.0,0.6828175361832036,calculated,,2026-07-14T21:35:03Z,0.5,-0.0727478326422917,yordan alvarez,American League All-Stars,National League All-Stars,0.5,0.5,0.44599999999999995,-0.07274783264229179,-0.14549566528458358,0.0,0.0,True,True,0.58,PASS,PASS,probability_below_threshold
43ecdba993f30106,2026-07-14,2026-07-15T00:00:00Z,Betr,betr,Andy Pages,hitter_hits,Under,0.5,-100,0.952,0.4270637014700339,0.0,0.5729362985299661,134.0,empirical_holdout_residuals,5296.0,0.6828175361832036,calculated,,2026-07-14T21:35:03Z,0.5,-0.072936298529966,andy pages,National League All-Stars,American League All-Stars,0.5,0.5,0.45199999999999996,-0.07293629852996608,-0.14587259705993216,0.0,0.0,True,True,0.58,PASS,PASS,probability_below_threshold
43ecdba993f30106,2026-07-14,2026-07-15T00:00:00Z,Betr,betr,Drake Baldwin,hitter_hits,Under,0.5,-100,0.977,0.4240482472672446,0.0,0.5759517527327553,136.0,empirical_holdout_residuals,5296.0,0.6828175361832036,calculated,,2026-07-14T21:35:03Z,0.5,-0.0759517527327554,drake baldwin,National League All-Stars,American League All-Stars,0.5,0.5,0.477,-0.0759517527327554,-0.15190350546551074,0.0,0.0,True,True,0.58,PASS,PASS,probability_below_threshold
43ecdba993f30106,2026-07-14,2026-07-15T00:00:00Z,Betr,betr,CJ Abrams,hitter_hits,Under,0.5,-100,0.982,0.4234828496042216,0.0,0.5765171503957783,136.0,empirical_holdout_residuals,5296.0,0.6828175361832036,calculated,,2026-07-14T21:35:03Z,0.5,-0.0765171503957783,cj abrams,National League All-Stars,American League All-Stars,0.5,0.5,0.482,-0.07651715039577839,-0.15303430079155683,0.0,0.0,True,True,0.58,PASS,PASS,probability_below_threshold
43ecdba993f30106,2026-07-14,2026-07-15T00:00:00Z,Betr,betr,Kyle Schwarber,hitter_hits,Under,0.5,-100,0.985,0.4229174519411986,0.0,0.5770825480588013,136.0,empirical_holdout_residuals,5296.0,0.6828175361832036,calculated,,2026-07-14T21:35:03Z,0.5,-0.0770825480588013,kyle schwarber,National League All-Stars,American League All-Stars,0.5,0.5,0.485,-0.07708254805880138,-0.1541650961176027,0.0,0.0,True,True,0.58,PASS,PASS,probability_below_threshold
43ecdba993f30106,2026-07-14,2026-07-15T00:00:00Z,Betr,betr,Mike Trout,hitter_hits,Under,0.5,-100,0.985,0.4229174519411986,0.0,0.5770825480588013,136.0,empirical_holdout_residuals,5296.0,0.6828175361832036,calculated,,2026-07-14T21:35:03Z,0.5,-0.0770825480588013,mike trout,American League All-Stars,National League All-Stars,0.5,0.5,0.485,-0.07708254805880138,-0.1541650961176027,0.0,0.0,True,True,0.58,PASS,PASS,probability_below_threshold
43ecdba993f30106,2026-07-14,2026-07-15T00:00:00Z,Betr,betr,Freddie Freeman,hitter_hits,Under,0.5,-100,0.996,0.4204673954014323,0.0,0.5795326045985677,138.0,empirical_holdout_residuals,5296.0,0.6828175361832036,calculated,,2026-07-14T21:35:03Z,0.5,-0.0795326045985676,freddie freeman,National League All-Stars,American League All-Stars,0.5,0.5,0.496,-0.0795326045985677,-0.1590652091971354,0.0,0.0,True,True,0.58,PASS,PASS,probability_below_threshold
43ecdba993f30106,2026-07-14,2026-07-15T00:00:00Z,Betr,betr,Ernie Clement,hitter_hits,Under,0.5,-100,1.027,0.4161326799849227,0.0,0.5838673200150772,140.0,empirical_holdout_residuals,5296.0,0.6828175361832036,calculated,,2026-07-14T21:35:03Z,0.5,-0.0838673200150773,ernie clement,American League All-Stars,National League All-Stars,0.5,0.5,0.5269999999999999,-0.0838673200150773,-0.16773464003015454,0.0,0.0,True,True,0.58,PASS,PASS,probability_below_threshold
43ecdba993f30106,2026-07-14,2026-07-15T00:00:00Z,Betr,betr,Bobby Witt Jr.,hitter_hits,Under,0.5,-100,1.059,0.4076517150395778,0.0,0.5923482849604221,145.0,empirical_holdout_residuals,5296.0,0.6828175361832036,calculated,,2026-07-14T21:35:03Z,0.5,-0.0923482849604221,bobby witt,American League All-Stars,National League All-Stars,0.5,0.5,0.5589999999999999,-0.09234828496042219,-0.18469656992084443,0.0,0.0,True,True,0.58,PASS,PASS,probability_below_threshold
43ecdba993f30106,2026-07-14,2026-07-15T00:00:00Z,Betr,betr,Cody Bellinger,hitter_hits,Under,0.5,-100,1.063,0.4065209197135318,0.0,0.5934790802864681,146.0,empirical_holdout_residuals,5296.0,0.6828175361832036,calculated,,2026-07-14T21:35:03Z,0.5,-0.0934790802864681,cody bellinger,American League All-Stars,National League All-Stars,0.5,0.5,0.563,-0.09347908028646817,-0.1869581605729364,0.0,0.0,True,True,0.58,PASS,PASS,probability_below_threshold
4fc97005be92a4ea,2026-07-14,2026-07-15T00:00:00Z,FanDuel,fanduel,Kyle Schwarber,hitter_runs,Over,0.5,110,0.644,0.3676969468526196,0.0,0.6323030531473803,172.0,empirical_holdout_residuals,5296.0,0.5737119762932098,calculated,,2026-07-14T21:35:03Z,0.47619047619047616,-0.1084935293378565,kyle schwarber,National League All-Stars,American League All-Stars,,0.47619047619047616,0.14400000000000002,-0.10849352933785655,-0.22783641160949875,0.0,0.0,True,True,0.59,PASS,PASS,probability_below_threshold
43ecdba993f30106,2026-07-14,2026-07-15T00:00:00Z,Betr,betr,Juan Soto,hitter_total_bases,Under,0.5,-100,1.505,0.3780625706747079,0.0,0.6219374293252922,165.0,empirical_holdout_residuals,5296.0,1.3495235930554277,calculated,,2026-07-14T21:35:03Z,0.5,-0.1219374293252921,juan soto,National League All-Stars,American League All-Stars,0.5,0.5,1.005,-0.12193742932529211,-0.24387485865058428,0.0,0.0,True,True,0.58,PASS,PASS,probability_below_threshold
43ecdba993f30106,2026-07-14,2026-07-15T00:00:00Z,Betr,betr,Junior Caminero,hitter_runs,Over,0.5,100,0.677,0.3682623445156426,0.0,0.6317376554843573,172.0,empirical_holdout_residuals,5296.0,0.5737119762932098,calculated,,2026-07-14T21:35:03Z,0.5,-0.1317376554843573,junior caminero,American League All-Stars,National League All-Stars,0.5,0.5,0.17700000000000005,-0.1317376554843574,-0.26347531096871485,0.0,0.0,True,True,0.59,PASS,PASS,probability_below_threshold
43ecdba993f30106,2026-07-14,2026-07-15T00:00:00Z,Betr,betr,Kyle Schwarber,hitter_runs,Over,0.5,100,0.644,0.3676969468526196,0.0,0.6323030531473803,172.0,empirical_holdout_residuals,5296.0,0.5737119762932098,calculated,,2026-07-14T21:35:03Z,0.5,-0.1323030531473803,kyle schwarber,National League All-Stars,American League All-Stars,0.5,0.5,0.14400000000000002,-0.1323030531473804,-0.2646061062947607,0.0,0.0,True,True,0.59,PASS,PASS,probability_below_threshold
43ecdba993f30106,2026-07-14,2026-07-15T00:00:00Z,Betr,betr,Mike Trout,hitter_runs,Over,0.5,100,0.632,0.3676969468526196,0.0,0.6323030531473803,172.0,empirical_holdout_residuals,5296.0,0.5737119762932098,calculated,,2026-07-14T21:35:03Z,0.5,-0.1323030531473803,mike trout,American League All-Stars,National League All-Stars,0.5,0.5,0.132,-0.1323030531473804,-0.2646061062947607,0.0,0.0,True,True,0.59,PASS,PASS,probability_below_threshold
43ecdba993f30106,2026-07-14,2026-07-15T00:00:00Z,Betr,betr,Andy Pages,hitter_runs,Over,0.5,100,0.606,0.3675084809649453,0.0,0.6324915190350546,172.0,empirical_holdout_residuals,5296.0,0.5737119762932098,calculated,,2026-07-14T21:35:03Z,0.5,-0.1324915190350546,andy pages,National League All-Stars,American League All-Stars,0.5,0.5,0.10599999999999998,-0.13249151903505468,-0.2649830380701093,0.0,0.0,True,True,0.59,PASS,PASS,probability_below_threshold
43ecdba993f30106,2026-07-14,2026-07-15T00:00:00Z,Betr,betr,Ben Rice,hitter_runs,Over,0.5,100,0.544,0.3675084809649453,0.0,0.6324915190350546,172.0,empirical_holdout_residuals,5296.0,0.5737119762932098,calculated,,2026-07-14T21:35:03Z,0.5,-0.1324915190350546,ben rice,American League All-Stars,National League All-Stars,0.5,0.5,0.04400000000000004,-0.13249151903505468,-0.2649830380701093,0.0,0.0,True,True,0.59,PASS,PASS,probability_below_threshold
43ecdba993f30106,2026-07-14,2026-07-15T00:00:00Z,Betr,betr,Bobby Witt Jr.,hitter_runs,Over,0.5,100,0.585,0.3675084809649453,0.0,0.6324915190350546,172.0,empirical_holdout_residuals,5296.0,0.5737119762932098,calculated,,2026-07-14T21:35:03Z,0.5,-0.1324915190350546,bobby witt,American League All-Stars,National League All-Stars,0.5,0.5,0.08499999999999996,-0.13249151903505468,-0.2649830380701093,0.0,0.0,True,True,0.59,PASS,PASS,probability_below_threshold
43ecdba993f30106,2026-07-14,2026-07-15T00:00:00Z,Betr,betr,Brandon Marsh,hitter_runs,Over,0.5,100,0.56,0.3675084809649453,0.0,0.6324915190350546,172.0,empirical_holdout_residuals,5296.0,0.5737119762932098,calculated,,2026-07-14T21:35:03Z,0.5,-0.1324915190350546,brandon marsh,National League All-Stars,American League All-Stars,0.5,0.5,0.06000000000000005,-0.13249151903505468,-0.2649830380701093,0.0,0.0,True,True,0.59,PASS,PASS,probability_below_threshold
43ecdba993f30106,2026-07-14,2026-07-15T00:00:00Z,Betr,betr,CJ Abrams,hitter_runs,Over,0.5,100,0.595,0.3675084809649453,0.0,0.6324915190350546,172.0,empirical_holdout_residuals,5296.0,0.5737119762932098,calculated,,2026-07-14T21:35:03Z,0.5,-0.1324915190350546,cj abrams,National League All-Stars,American League All-Stars,0.5,0.5,0.09499999999999997,-0.13249151903505468,-0.2649830380701093,0.0,0.0,True,True,0.59,PASS,PASS,probability_below_threshold
43ecdba993f30106,2026-07-14,2026-07-15T00:00:00Z,Betr,betr,Cody Bellinger,hitter_runs,Over,0.5,100,0.514,0.3675084809649453,0.0,0.6324915190350546,172.0,empirical_holdout_residuals,5296.0,0.5737119762932098,calculated,,2026-07-14T21:35:03Z,0.5,-0.1324915190350546,cody bellinger,American League All-Stars,National League All-Stars,0.5,0.5,0.014000000000000012,-0.13249151903505468,-0.2649830380701093,0.0,0.0,True,True,0.59,PASS,PASS,probability_below_threshold
43ecdba993f30106,2026-07-14,2026-07-15T00:00:00Z,Betr,betr,Drake Baldwin,hitter_runs,Over,0.5,100,0.577,0.3675084809649453,0.0,0.6324915190350546,172.0,empirical_holdout_residuals,5296.0,0.5737119762932098,calculated,,2026-07-14T21:35:03Z,0.5,-0.1324915190350546,drake baldwin,National League All-Stars,American League All-Stars,0.5,0.5,0.07699999999999996,-0.13249151903505468,-0.2649830380701093,0.0,0.0,True,True,0.59,PASS,PASS,probability_below_threshold
43ecdba993f30106,2026-07-14,2026-07-15T00:00:00Z,Betr,betr,Ernie Clement,hitter_runs,Over,0.5,100,0.56,0.3675084809649453,0.0,0.6324915190350546,172.0,empirical_holdout_residuals,5296.0,0.5737119762932098,calculated,,2026-07-14T21:35:03Z,0.5,-0.1324915190350546,ernie clement,American League All-Stars,National League All-Stars,0.5,0.5,0.06000000000000005,-0.13249151903505468,-0.2649830380701093,0.0,0.0,True,True,0.59,PASS,PASS,probability_below_threshold
43ecdba993f30106,2026-07-14,2026-07-15T00:00:00Z,Betr,betr,Freddie Freeman,hitter_runs,Over,0.5,100,0.505,0.3675084809649453,0.0,0.6324915190350546,172.0,empirical_holdout_residuals,5296.0,0.5737119762932098,calculated,,2026-07-14T21:35:03Z,0.5,-0.1324915190350546,freddie freeman,National League All-Stars,American League All-Stars,0.5,0.5,0.0050000000000000044,-0.13249151903505468,-0.2649830380701093,0.0,0.0,True,True,0.59,PASS,PASS,probability_below_threshold
43ecdba993f30106,2026-07-14,2026-07-15T00:00:00Z,Betr,betr,Juan Soto,hitter_runs,Over,0.5,100,0.589,0.3675084809649453,0.0,0.6324915190350546,172.0,empirical_holdout_residuals,5296.0,0.5737119762932098,calculated,,2026-07-14T21:35:03Z,0.5,-0.1324915190350546,juan soto,National League All-Stars,American League All-Stars,0.5,0.5,0.08899999999999997,-0.13249151903505468,-0.2649830380701093,0.0,0.0,True,True,0.59,PASS,PASS,probability_below_threshold
43ecdba993f30106,2026-07-14,2026-07-15T00:00:00Z,Betr,betr,Max Muncy,hitter_runs,Over,0.5,100,0.509,0.3675084809649453,0.0,0.6324915190350546,172.0,empirical_holdout_residuals,5296.0,0.5737119762932098,calculated,,2026-07-14T21:35:03Z,0.5,-0.1324915190350546,max muncy,National League All-Stars,American League All-Stars,0.5,0.5,0.009000000000000008,-0.13249151903505468,-0.2649830380701093,0.0,0.0,True,True,0.59,PASS,PASS,probability_below_threshold
43ecdba993f30106,2026-07-14,2026-07-15T00:00:00Z,Betr,betr,Ozzie Albies,hitter_runs,Over,0.5,100,0.533,0.3675084809649453,0.0,0.6324915190350546,172.0,empirical_holdout_residuals,5296.0,0.5737119762932098,calculated,,2026-07-14T21:35:03Z,0.5,-0.1324915190350546,ozzie albies,National League All-Stars,American League All-Stars,0.5,0.5,0.03300000000000003,-0.13249151903505468,-0.2649830380701093,0.0,0.0,True,True,0.59,PASS,PASS,probability_below_threshold
43ecdba993f30106,2026-07-14,2026-07-15T00:00:00Z,Betr,betr,Riley Greene,hitter_runs,Over,0.5,100,0.578,0.3675084809649453,0.0,0.6324915190350546,172.0,empirical_holdout_residuals,5296.0,0.5737119762932098,calculated,,2026-07-14T21:35:03Z,0.5,-0.1324915190350546,riley greene,American League All-Stars,National League All-Stars,0.5,0.5,0.07799999999999996,-0.13249151903505468,-0.2649830380701093,0.0,0.0,True,True,0.59,PASS,PASS,probability_below_threshold
43ecdba993f30106,2026-07-14,2026-07-15T00:00:00Z,Betr,betr,Shea Langeliers,hitter_runs,Over,0.5,100,0.547,0.3675084809649453,0.0,0.6324915190350546,172.0,empirical_holdout_residuals,5296.0,0.5737119762932098,calculated,,2026-07-14T21:35:03Z,0.5,-0.1324915190350546,shea langeliers,American League All-Stars,National League All-Stars,0.5,0.5,0.04700000000000004,-0.13249151903505468,-0.2649830380701093,0.0,0.0,True,True,0.59,PASS,PASS,probability_below_threshold
43ecdba993f30106,2026-07-14,2026-07-15T00:00:00Z,Betr,betr,Yordan Alvarez,hitter_runs,Over,0.5,100,0.573,0.3675084809649453,0.0,0.6324915190350546,172.0,empirical_holdout_residuals,5296.0,0.5737119762932098,calculated,,2026-07-14T21:35:03Z,0.5,-0.1324915190350546,yordan alvarez,American League All-Stars,National League All-Stars,0.5,0.5,0.07299999999999995,-0.13249151903505468,-0.2649830380701093,0.0,0.0,True,True,0.59,PASS,PASS,probability_below_threshold
43ecdba993f30106,2026-07-14,2026-07-15T00:00:00Z,Betr,betr,Ernie Clement,hitter_total_bases,Under,0.5,-100,1.552,0.3590275160196005,0.0,0.6409724839803995,179.0,empirical_holdout_residuals,5296.0,1.3495235930554277,calculated,,2026-07-14T21:35:03Z,0.5,-0.1409724839803995,ernie clement,American League All-Stars,National League All-Stars,0.5,0.5,1.052,-0.14097248398039952,-0.28194496796079904,0.0,0.0,True,True,0.58,PASS,PASS,probability_below_threshold
43ecdba993f30106,2026-07-14,2026-07-15T00:00:00Z,Betr,betr,Riley Greene,hitter_total_bases,Under,0.5,-100,1.562,0.3529966076140218,0.0,0.6470033923859781,183.0,empirical_holdout_residuals,5296.0,1.3495235930554277,calculated,,2026-07-14T21:35:03Z,0.5,-0.1470033923859781,riley greene,American League All-Stars,National League All-Stars,0.5,0.5,1.062,-0.1470033923859782,-0.29400678477195635,0.0,0.0,True,True,0.58,PASS,PASS,probability_below_threshold
43ecdba993f30106,2026-07-14,2026-07-15T00:00:00Z,Betr,betr,Max Muncy,hitter_total_bases,Under,0.5,-100,1.566,0.3513004146249529,0.0,0.6486995853750471,185.0,empirical_holdout_residuals,5296.0,1.3495235930554277,calculated,,2026-07-14T21:35:03Z,0.5,-0.1486995853750471,max muncy,National League All-Stars,American League All-Stars,0.5,0.5,1.066,-0.14869958537504713,-0.29739917075009425,0.0,0.0,True,True,0.58,PASS,PASS,probability_below_threshold
43ecdba993f30106,2026-07-14,2026-07-15T00:00:00Z,Betr,betr,Shea Langeliers,hitter_total_bases,Under,0.5,-100,1.591,0.3403693931398417,0.0,0.6596306068601583,194.0,empirical_holdout_residuals,5296.0,1.3495235930554277,calculated,,2026-07-14T21:35:03Z,0.5,-0.1596306068601583,shea langeliers,American League All-Stars,National League All-Stars,0.5,0.5,1.091,-0.1596306068601583,-0.3192612137203166,0.0,0.0,True,True,0.58,PASS,PASS,probability_below_threshold
43ecdba993f30106,2026-07-14,2026-07-15T00:00:00Z,Betr,betr,Brandon Marsh,hitter_total_bases,Under,0.5,-100,1.621,0.3249151903505465,0.0,0.6750848096494535,208.0,empirical_holdout_residuals,5296.0,1.3495235930554277,calculated,,2026-07-14T21:35:03Z,0.5,-0.1750848096494534,brandon marsh,National League All-Stars,American League All-Stars,0.5,0.5,1.121,-0.1750848096494535,-0.350169619298907,0.0,0.0,True,True,0.58,PASS,PASS,probability_below_threshold
43ecdba993f30106,2026-07-14,2026-07-15T00:00:00Z,Betr,betr,Drake Baldwin,hitter_total_bases,Under,0.5,-100,1.651,0.3109687146626461,0.0,0.6890312853373539,222.0,empirical_holdout_residuals,5296.0,1.3495235930554277,calculated,,2026-07-14T21:35:03Z,0.5,-0.1890312853373539,drake baldwin,National League All-Stars,American League All-Stars,0.5,0.5,1.151,-0.18903128533735392,-0.37806257067470783,0.0,0.0,True,True,0.58,PASS,PASS,probability_below_threshold
43ecdba993f30106,2026-07-14,2026-07-15T00:00:00Z,Betr,betr,Ben Rice,hitter_total_bases,Under,0.5,-100,1.69,0.2902374670184696,0.0,0.7097625329815304,245.0,empirical_holdout_residuals,5296.0,1.3495235930554277,calculated,,2026-07-14T21:35:03Z,0.5,-0.2097625329815303,ben rice,American League All-Stars,National League All-Stars,0.5,0.5,1.19,-0.20976253298153041,-0.4195250659630609,0.0,0.0,True,True,0.58,PASS,PASS,probability_below_threshold
43ecdba993f30106,2026-07-14,2026-07-15T00:00:00Z,Betr,betr,Bobby Witt Jr.,hitter_total_bases,Under,0.5,-100,1.703,0.2832642291745194,0.0,0.7167357708254806,253.0,empirical_holdout_residuals,5296.0,1.3495235930554277,calculated,,2026-07-14T21:35:03Z,0.5,-0.2167357708254805,bobby witt,American League All-Stars,National League All-Stars,0.5,0.5,1.203,-0.21673577082548062,-0.4334715416509613,0.0,0.0,True,True,0.58,PASS,PASS,probability_below_threshold
43ecdba993f30106,2026-07-14,2026-07-15T00:00:00Z,Betr,betr,Freddie Freeman,hitter_total_bases,Under,0.5,-100,1.706,0.2821334338484734,0.0,0.7178665661515266,254.0,empirical_holdout_residuals,5296.0,1.3495235930554277,calculated,,2026-07-14T21:35:03Z,0.5,-0.2178665661515265,freddie freeman,National League All-Stars,American League All-Stars,0.5,0.5,1.206,-0.2178665661515266,-0.43573313230305327,0.0,0.0,True,True,0.58,PASS,PASS,probability_below_threshold
43ecdba993f30106,2026-07-14,2026-07-15T00:00:00Z,Betr,betr,Cody Bellinger,hitter_total_bases,Under,0.5,-100,1.707,0.2811911044101017,0.0,0.7188088955898982,256.0,empirical_holdout_residuals,5296.0,1.3495235930554277,calculated,,2026-07-14T21:35:03Z,0.5,-0.2188088955898982,cody bellinger,American League All-Stars,National League All-Stars,0.5,0.5,1.207,-0.2188088955898983,-0.43761779117979666,0.0,0.0,True,True,0.58,PASS,PASS,probability_below_threshold
43ecdba993f30106,2026-07-14,2026-07-15T00:00:00Z,Betr,betr,Junior Caminero,hitter_total_bases,Under,0.5,-100,1.717,0.2772333207689408,0.0,0.7227666792310592,261.0,empirical_holdout_residuals,5296.0,1.3495235930554277,calculated,,2026-07-14T21:35:03Z,0.5,-0.2227666792310592,junior caminero,American League All-Stars,National League All-Stars,0.5,0.5,1.217,-0.2227666792310592,-0.4455333584621184,0.0,0.0,True,True,0.58,PASS,PASS,probability_below_threshold
43ecdba993f30106,2026-07-14,2026-07-15T00:00:00Z,Betr,betr,Ozzie Albies,hitter_total_bases,Under,0.5,-100,1.73,0.2725216735770825,0.0,0.7274783264229174,267.0,empirical_holdout_residuals,5296.0,1.3495235930554277,calculated,,2026-07-14T21:35:03Z,0.5,-0.2274783264229174,ozzie albies,National League All-Stars,American League All-Stars,0.5,0.5,1.23,-0.2274783264229175,-0.4549566528458349,0.0,0.0,True,True,0.58,PASS,PASS,probability_below_threshold
43ecdba993f30106,2026-07-14,2026-07-15T00:00:00Z,Betr,betr,Andy Pages,hitter_total_bases,Under,0.5,-100,1.749,0.2629099133056917,0.0,0.7370900866943083,280.0,empirical_holdout_residuals,5296.0,1.3495235930554277,calculated,,2026-07-14T21:35:03Z,0.5,-0.2370900866943083,andy pages,National League All-Stars,American League All-Stars,0.5,0.5,1.249,-0.2370900866943083,-0.4741801733886166,0.0,0.0,True,True,0.58,PASS,PASS,probability_below_threshold
43ecdba993f30106,2026-07-14,2026-07-15T00:00:00Z,Betr,betr,Mike Trout,hitter_total_bases,Under,0.5,-100,1.779,0.2487749717301168,0.0,0.7512250282698831,302.0,empirical_holdout_residuals,5296.0,1.3495235930554277,calculated,,2026-07-14T21:35:03Z,0.5,-0.2512250282698831,mike trout,American League All-Stars,National League All-Stars,0.5,0.5,1.279,-0.2512250282698832,-0.5024500565397663,0.0,0.0,True,True,0.58,PASS,PASS,probability_below_threshold
43ecdba993f30106,2026-07-14,2026-07-15T00:00:00Z,Betr,betr,Yordan Alvarez,hitter_total_bases,Under,0.5,-100,1.781,0.2476441764040708,0.0,0.7523558235959291,304.0,empirical_holdout_residuals,5296.0,1.3495235930554277,calculated,,2026-07-14T21:35:03Z,0.5,-0.2523558235959291,yordan alvarez,American League All-Stars,National League All-Stars,0.5,0.5,1.281,-0.25235582359592923,-0.5047116471918585,0.0,0.0,True,True,0.58,PASS,PASS,probability_below_threshold
43ecdba993f30106,2026-07-14,2026-07-15T00:00:00Z,Betr,betr,CJ Abrams,hitter_total_bases,Under,0.5,-100,1.79,0.2429325292122126,0.0,0.7570674707877874,312.0,empirical_holdout_residuals,5296.0,1.3495235930554277,calculated,,2026-07-14T21:35:03Z,0.5,-0.2570674707877874,cj abrams,National League All-Stars,American League All-Stars,0.5,0.5,1.29,-0.2570674707877874,-0.5141349415755747,0.0,0.0,True,True,0.58,PASS,PASS,probability_below_threshold
43ecdba993f30106,2026-07-14,2026-07-15T00:00:00Z,Betr,betr,Kyle Schwarber,hitter_total_bases,Under,0.5,-100,2.008,0.152657369016208,0.0,0.8473426309837919,555.0,empirical_holdout_residuals,5296.0,1.3495235930554277,calculated,,2026-07-14T21:35:03Z,0.5,-0.3473426309837919,kyle schwarber,National League All-Stars,American League All-Stars,0.5,0.5,1.508,-0.34734263098379203,-0.6946852619675841,0.0,0.0,True,True,0.58,PASS,PASS,probability_below_threshold
43ecdba993f30106,2026-07-14,2026-07-15T00:00:00Z,Betr,betr,Cristopher Sánchez,pitcher_strikeouts,Under,0.5,-100,6.08,0.01,0.0,0.99,9900.0,poisson,,,calculated,Poisson fallback; dedicated pitcher residual calibration is still recommended.,2026-07-14T21:35:03Z,0.5,-0.49,cristopher sanchez,National League All-Stars,,0.5,0.5,5.58,-0.49,-0.98,0.0,0.0,True,True,0.57,PASS,PASS,invalid_line
43ecdba993f30106,2026-07-14,2026-07-15T00:00:00Z,Betr,betr,Dylan Cease,pitcher_strikeouts,Under,0.5,-100,8.912,0.01,0.0,0.99,9900.0,poisson,,,calculated,Poisson fallback; dedicated pitcher residual calibration is still recommended.,2026-07-14T21:35:03Z,0.5,-0.49,dylan cease,American League All-Stars,,0.5,0.5,8.412,-0.49,-0.98,0.0,0.0,True,True,0.57,PASS,PASS,invalid_line
4fc97005be92a4ea,2026-07-14,2026-07-15T00:00:00Z,FanDuel,fanduel,C.J. Abrams,hitter_hits,Over,0.5,110,,,,,,unmatched,,,rejected,No projection matched this player and market.,2026-07-14T21:35:03Z,0.47619047619047616,,c j abrams,,,,0.47619047619047616,,,,,0.0,True,True,0.58,PASS,PASS,probability_not_calculated
4fc97005be92a4ea,2026-07-14,2026-07-15T00:00:00Z,FanDuel,fanduel,C.J. Abrams,hitter_runs,Over,0.5,200,,,,,,unmatched,,,rejected,No projection matched this player and market.,2026-07-14T21:35:03Z,0.3333333333333333,,c j abrams,,,,0.3333333333333333,,,,,0.0,True,True,0.59,PASS,PASS,probability_not_calculated
69f4c5e8da2e9c04,2026-07-14,2026-07-15T00:00:00Z,Prophetx,prophetx,AL: Team,hitter_runs,Over,3.5,-160,,,,,,unmatched,,,rejected,No projection matched this player and market.,2026-07-14T21:35:03Z,0.6153846153846154,,al team,,,0.42397914856646396,0.42397914856646396,,,,,0.0,True,True,0.59,PASS,PASS,probability_not_calculated
69f4c5e8da2e9c04,2026-07-14,2026-07-15T00:00:00Z,Prophetx,prophetx,AL: Team,hitter_runs,Under,3.5,-510,,,,,,unmatched,,,rejected,No projection matched this player and market.,2026-07-14T21:35:03Z,0.8360655737704918,,al team,,,0.5760208514335361,0.5760208514335361,,,,,0.0,True,True,0.59,PASS,PASS,probability_not_calculated
69f4c5e8da2e9c04,2026-07-14,2026-07-15T00:00:00Z,Prophetx,prophetx,NL: Team,hitter_runs,Over,4.5,-160,,,,,,unmatched,,,rejected,No projection matched this player and market.,2026-07-14T21:35:03Z,0.6153846153846154,,nl team,,,0.42397914856646396,0.42397914856646396,,,,,0.0,True,True,0.59,PASS,PASS,probability_not_calculated
69f4c5e8da2e9c04,2026-07-14,2026-07-15T00:00:00Z,Prophetx,prophetx,NL: Team,hitter_runs,Under,4.5,-510,,,,,,unmatched,,,rejected,No projection matched this player and market.,2026-07-14T21:35:03Z,0.8360655737704918,,nl team,,,0.5760208514335361,0.5760208514335361,,,,,0.0,True,True,0.59,PASS,PASS,probability_not_calculated
69f4c5e8da2e9c04,2026-07-14,2026-07-15T00:00:00Z,Prophetx,prophetx,Total,hitter_runs,Over,8.5,980,,,,,,unmatched,,,rejected,No projection matched this player and market.,2026-07-14T21:35:03Z,0.09259259259259259,,total,,,0.6313993174061433,0.6313993174061433,,,,,0.0,True,True,0.59,PASS,PASS,probability_not_calculated
69f4c5e8da2e9c04,2026-07-14,2026-07-15T00:00:00Z,Prophetx,prophetx,Total,hitter_runs,Under,8.5,1750,,,,,,unmatched,,,rejected,No projection matched this player and market.,2026-07-14T21:35:03Z,0.05405405405405406,,total,,,0.3686006825938567,0.3686006825938567,,,,,0.0,True,True,0.59,PASS,PASS,probability_not_calculated
4fc97005be92a4ea,2026-07-14,2026-07-15T00:01:00Z,FanDuel,fanduel,National League,hitter_runs,Over,8.5,-110,,,,,,unmatched,,,rejected,No projection matched this player and market.,2026-07-14T21:35:03Z,0.5238095238095238,,national league,,,0.5,0.5,,,,,0.0,True,True,0.59,PASS,PASS,probability_not_calculated
4fc97005be92a4ea,2026-07-14,2026-07-15T00:01:00Z,FanDuel,fanduel,National League,hitter_runs,Under,8.5,-110,,,,,,unmatched,,,rejected,No projection matched this player and market.,2026-07-14T21:35:03Z,0.5238095238095238,,national league,,,0.5,0.5,,,,,0.0,True,True,0.59,PASS,PASS,probability_not_calculated
